This is pdfTeX, Version 3.141592653-2.6-1.40.27 (MiKTeX 25.4) (preloaded format=pdflatex 2025.12.16)  21 AUG 2026 19:07
entering extended mode
 restricted \write18 enabled.
 %&-line parsing enabled.
**c:/Users/ritam/Desktop/Xen-vs-KVM/Latex/main.tex
(c:/Users/ritam/Desktop/Xen-vs-KVM/Latex/main.tex
LaTeX2e <2025-11-01>
L3 programming layer <2025-11-06>
(C:\Users\ritam\AppData\Local\Programs\MiKTeX\tex/latex/ieeetran\IEEEtran.cls
Document Class: IEEEtran 2015/08/26 V1.8b by Michael Shell
-- See the "IEEEtran_HOWTO" manual for usage information.
-- http://www.michaelshell.org/tex/ieeetran/
\@IEEEtrantmpdimenA=\dimen148
\@IEEEtrantmpdimenB=\dimen149
\@IEEEtrantmpdimenC=\dimen150
\@IEEEtrantmpcountA=\count275
\@IEEEtrantmpcountB=\count276
\@IEEEtrantmpcountC=\count277
\@IEEEtrantmptoksA=\toks17
LaTeX Font Info:    Trying to load font information for OT1+ptm on input line 503.
(C:\Users\ritam\AppData\Local\Programs\MiKTeX\tex/latex/psnfss\ot1ptm.fd
File: ot1ptm.fd 2001/06/04 font definitions for OT1/ptm.
)
-- Using 8.5in x 11in (letter) paper.
-- Using PDF output.
\@IEEEnormalsizeunitybaselineskip=\dimen151
-- This is a 10 point document.
LaTeX Encoding Info:    Redeclaring text command \textunderscore (encoding ?) on input line 937.
\CLASSINFOnormalsizebaselineskip=\dimen152
\CLASSINFOnormalsizeunitybaselineskip=\dimen153
\IEEEnormaljot=\dimen154
LaTeX Font Info:    Font shape `OT1/ptm/bx/n' in size <5> not available
(Font)              Font shape `OT1/ptm/b/n' tried instead on input line 1090.
LaTeX Font Info:    Font shape `OT1/ptm/bx/it' in size <5> not available
(Font)              Font shape `OT1/ptm/b/it' tried instead on input line 1090.
LaTeX Font Info:    Font shape `OT1/ptm/bx/n' in size <7> not available
(Font)              Font shape `OT1/ptm/b/n' tried instead on input line 1090.
LaTeX Font Info:    Font shape `OT1/ptm/bx/it' in size <7> not available
(Font)              Font shape `OT1/ptm/b/it' tried instead on input line 1090.
LaTeX Font Info:    Font shape `OT1/ptm/bx/n' in size <8> not available
(Font)              Font shape `OT1/ptm/b/n' tried instead on input line 1090.
LaTeX Font Info:    Font shape `OT1/ptm/bx/it' in size <8> not available
(Font)              Font shape `OT1/ptm/b/it' tried instead on input line 1090.
LaTeX Font Info:    Font shape `OT1/ptm/bx/n' in size <9> not available
(Font)              Font shape `OT1/ptm/b/n' tried instead on input line 1090.
LaTeX Font Info:    Font shape `OT1/ptm/bx/it' in size <9> not available
(Font)              Font shape `OT1/ptm/b/it' tried instead on input line 1090.
LaTeX Font Info:    Font shape `OT1/ptm/bx/n' in size <10> not available
(Font)              Font shape `OT1/ptm/b/n' tried instead on input line 1090.
LaTeX Font Info:    Font shape `OT1/ptm/bx/it' in size <10> not available
(Font)              Font shape `OT1/ptm/b/it' tried instead on input line 1090.
LaTeX Font Info:    Font shape `OT1/ptm/bx/n' in size <11> not available
(Font)              Font shape `OT1/ptm/b/n' tried instead on input line 1090.
LaTeX Font Info:    Font shape `OT1/ptm/bx/it' in size <11> not available
(Font)              Font shape `OT1/ptm/b/it' tried instead on input line 1090.
LaTeX Font Info:    Font shape `OT1/ptm/bx/n' in size <12> not available
(Font)              Font shape `OT1/ptm/b/n' tried instead on input line 1090.
LaTeX Font Info:    Font shape `OT1/ptm/bx/it' in size <12> not available
(Font)              Font shape `OT1/ptm/b/it' tried instead on input line 1090.
LaTeX Font Info:    Font shape `OT1/ptm/bx/n' in size <17> not available
(Font)              Font shape `OT1/ptm/b/n' tried instead on input line 1090.
LaTeX Font Info:    Font shape `OT1/ptm/bx/it' in size <17> not available
(Font)              Font shape `OT1/ptm/b/it' tried instead on input line 1090.
LaTeX Font Info:    Font shape `OT1/ptm/bx/n' in size <20> not available
(Font)              Font shape `OT1/ptm/b/n' tried instead on input line 1090.
LaTeX Font Info:    Font shape `OT1/ptm/bx/it' in size <20> not available
(Font)              Font shape `OT1/ptm/b/it' tried instead on input line 1090.
LaTeX Font Info:    Font shape `OT1/ptm/bx/n' in size <24> not available
(Font)              Font shape `OT1/ptm/b/n' tried instead on input line 1090.
LaTeX Font Info:    Font shape `OT1/ptm/bx/it' in size <24> not available
(Font)              Font shape `OT1/ptm/b/it' tried instead on input line 1090.
\IEEEquantizedlength=\dimen155
\IEEEquantizedlengthdiff=\dimen156
\IEEEquantizedtextheightdiff=\dimen157
\IEEEilabelindentA=\dimen158
\IEEEilabelindentB=\dimen159
\IEEEilabelindent=\dimen160
\IEEEelabelindent=\dimen161
\IEEEdlabelindent=\dimen162
\IEEElabelindent=\dimen163
\IEEEiednormlabelsep=\dimen164
\IEEEiedmathlabelsep=\dimen165
\IEEEiedtopsep=\skip49
\c@section=\count278
\c@subsection=\count279
\c@subsubsection=\count280
\c@paragraph=\count281
\c@IEEEsubequation=\count282
\abovecaptionskip=\skip50
\belowcaptionskip=\skip51
\c@figure=\count283
\c@table=\count284
\@IEEEeqnnumcols=\count285
\@IEEEeqncolcnt=\count286
\@IEEEsubeqnnumrollback=\count287
\@IEEEquantizeheightA=\dimen166
\@IEEEquantizeheightB=\dimen167
\@IEEEquantizeheightC=\dimen168
\@IEEEquantizeprevdepth=\dimen169
\@IEEEquantizemultiple=\count288
\@IEEEquantizeboxA=\box53
\@IEEEtmpitemindent=\dimen170
\IEEEPARstartletwidth=\dimen171
\c@IEEEbiography=\count289
\@IEEEtranrubishbin=\box54
) (C:\Users\ritam\AppData\Local\Programs\MiKTeX\tex/latex/lm\lmodern.sty
Package: lmodern 2015/05/01 v1.6.1 Latin Modern Fonts
LaTeX Font Info:    Overwriting symbol font `operators' in version `normal'
(Font)                  OT1/cmr/m/n --> OT1/lmr/m/n on input line 22.
LaTeX Font Info:    Overwriting symbol font `letters' in version `normal'
(Font)                  OML/cmm/m/it --> OML/lmm/m/it on input line 23.
LaTeX Font Info:    Overwriting symbol font `symbols' in version `normal'
(Font)                  OMS/cmsy/m/n --> OMS/lmsy/m/n on input line 24.
LaTeX Font Info:    Overwriting symbol font `largesymbols' in version `normal'
(Font)                  OMX/cmex/m/n --> OMX/lmex/m/n on input line 25.
LaTeX Font Info:    Overwriting symbol font `operators' in version `bold'
(Font)                  OT1/cmr/bx/n --> OT1/lmr/bx/n on input line 26.
LaTeX Font Info:    Overwriting symbol font `letters' in version `bold'
(Font)                  OML/cmm/b/it --> OML/lmm/b/it on input line 27.
LaTeX Font Info:    Overwriting symbol font `symbols' in version `bold'
(Font)                  OMS/cmsy/b/n --> OMS/lmsy/b/n on input line 28.
LaTeX Font Info:    Overwriting symbol font `largesymbols' in version `bold'
(Font)                  OMX/cmex/m/n --> OMX/lmex/m/n on input line 29.
LaTeX Font Info:    Overwriting math alphabet `\mathbf' in version `normal'
(Font)                  OT1/cmr/bx/n --> OT1/lmr/bx/n on input line 31.
LaTeX Font Info:    Overwriting math alphabet `\mathsf' in version `normal'
(Font)                  OT1/cmss/m/n --> OT1/lmss/m/n on input line 32.
LaTeX Font Info:    Overwriting math alphabet `\mathit' in version `normal'
(Font)                  OT1/cmr/m/it --> OT1/lmr/m/it on input line 33.
LaTeX Font Info:    Overwriting math alphabet `\mathtt' in version `normal'
(Font)                  OT1/cmtt/m/n --> OT1/lmtt/m/n on input line 34.
LaTeX Font Info:    Overwriting math alphabet `\mathbf' in version `bold'
(Font)                  OT1/cmr/bx/n --> OT1/lmr/bx/n on input line 35.
LaTeX Font Info:    Overwriting math alphabet `\mathsf' in version `bold'
(Font)                  OT1/cmss/bx/n --> OT1/lmss/bx/n on input line 36.
LaTeX Font Info:    Overwriting math alphabet `\mathit' in version `bold'
(Font)                  OT1/cmr/bx/it --> OT1/lmr/bx/it on input line 37.
LaTeX Font Info:    Overwriting math alphabet `\mathtt' in version `bold'
(Font)                  OT1/cmtt/m/n --> OT1/lmtt/m/n on input line 38.
) (C:\Users\ritam\AppData\Local\Programs\MiKTeX\tex/latex/amsfonts\amssymb.sty
Package: amssymb 2013/01/14 v3.01 AMS font symbols
 (C:\Users\ritam\AppData\Local\Programs\MiKTeX\tex/latex/amsfonts\amsfonts.sty
Package: amsfonts 2013/01/14 v3.01 Basic AMSFonts support
\@emptytoks=\toks18
\symAMSa=\mathgroup4
\symAMSb=\mathgroup5
LaTeX Font Info:    Redeclaring math symbol \hbar on input line 98.
LaTeX Font Info:    Overwriting math alphabet `\mathfrak' in version `bold'
(Font)                  U/euf/m/n --> U/euf/b/n on input line 106.
)) (C:\Users\ritam\AppData\Local\Programs\MiKTeX\tex/latex/amsmath\amsmath.sty
Package: amsmath 2025/07/09 v2.17z AMS math features
\@mathmargin=\skip52

For additional information on amsmath, use the `?' option.
(C:\Users\ritam\AppData\Local\Programs\MiKTeX\tex/latex/amsmath\amstext.sty
Package: amstext 2024/11/17 v2.01 AMS text
 (C:\Users\ritam\AppData\Local\Programs\MiKTeX\tex/latex/amsmath\amsgen.sty
File: amsgen.sty 1999/11/30 v2.0 generic functions
\@emptytoks=\toks19
\ex@=\dimen172
)) (C:\Users\ritam\AppData\Local\Programs\MiKTeX\tex/latex/amsmath\amsbsy.sty
Package: amsbsy 1999/11/29 v1.2d Bold Symbols
\pmbraise@=\dimen173
) (C:\Users\ritam\AppData\Local\Programs\MiKTeX\tex/latex/amsmath\amsopn.sty
Package: amsopn 2022/04/08 v2.04 operator names
)
\inf@bad=\count290
LaTeX Info: Redefining \frac on input line 233.
\uproot@=\count291
\leftroot@=\count292
LaTeX Info: Redefining \overline on input line 398.
LaTeX Info: Redefining \colon on input line 409.
\classnum@=\count293
\DOTSCASE@=\count294
LaTeX Info: Redefining \ldots on input line 495.
LaTeX Info: Redefining \dots on input line 498.
LaTeX Info: Redefining \cdots on input line 619.
\Mathstrutbox@=\box55
\strutbox@=\box56
LaTeX Info: Redefining \big on input line 721.
LaTeX Info: Redefining \Big on input line 722.
LaTeX Info: Redefining \bigg on input line 723.
LaTeX Info: Redefining \Bigg on input line 724.
\big@size=\dimen174
LaTeX Font Info:    Redeclaring font encoding OML on input line 742.
LaTeX Font Info:    Redeclaring font encoding OMS on input line 743.
\macc@depth=\count295
LaTeX Info: Redefining \bmod on input line 904.
LaTeX Info: Redefining \pmod on input line 909.
LaTeX Info: Redefining \smash on input line 939.
LaTeX Info: Redefining \relbar on input line 969.
LaTeX Info: Redefining \Relbar on input line 970.
\c@MaxMatrixCols=\count296
\dotsspace@=\muskip17
\c@parentequation=\count297
\dspbrk@lvl=\count298
\tag@help=\toks20
\row@=\count299
\column@=\count300
\maxfields@=\count301
\andhelp@=\toks21
\eqnshift@=\dimen175
\alignsep@=\dimen176
\tagshift@=\dimen177
\tagwidth@=\dimen178
\totwidth@=\dimen179
\lineht@=\dimen180
\@envbody=\toks22
\multlinegap=\skip53
\multlinetaggap=\skip54
\mathdisplay@stack=\toks23
LaTeX Info: Redefining \[ on input line 2950.
LaTeX Info: Redefining \] on input line 2951.
) (C:\Users\ritam\AppData\Local\Programs\MiKTeX\tex/generic/iftex\ifxetex.sty
Package: ifxetex 2019/10/25 v0.7 ifxetex legacy package. Use iftex instead.
 (C:\Users\ritam\AppData\Local\Programs\MiKTeX\tex/generic/iftex\iftex.sty
Package: iftex 2024/12/12 v1.0g TeX engine tests
)) (C:\Users\ritam\AppData\Local\Programs\MiKTeX\tex/generic/iftex\ifluatex.sty
Package: ifluatex 2019/10/25 v1.5 ifluatex legacy package. Use iftex instead.
) (C:\Users\ritam\AppData\Local\Programs\MiKTeX\tex/latex/svg\svg.sty
Package: svg 2020/11/26 v2.02k (include SVG pictures)
 (C:\Users\ritam\AppData\Local\Programs\MiKTeX\tex/latex/koma-script\scrbase.sty
Package: scrbase 2026/02/02 v3.49.2 KOMA-Script package (KOMA-Script-independent basics and keyval usage)
 (C:\Users\ritam\AppData\Local\Programs\MiKTeX\tex/latex/koma-script\scrlfile.sty
Package: scrlfile 2026/02/02 v3.49.2 KOMA-Script package (file load hooks)
 (C:\Users\ritam\AppData\Local\Programs\MiKTeX\tex/latex/koma-script\scrlfile-hook.sty
Package: scrlfile-hook 2026/02/02 v3.49.2 KOMA-Script package (using LaTeX hooks)
 (C:\Users\ritam\AppData\Local\Programs\MiKTeX\tex/latex/koma-script\scrlogo.sty
Package: scrlogo 2026/02/02 v3.49.2 KOMA-Script package (logo)
))) (C:\Users\ritam\AppData\Local\Programs\MiKTeX\tex/latex/graphics\keyval.sty
Package: keyval 2022/05/29 v1.15 key=value parser (DPC)
\KV@toks@=\toks24
)
Applying: [2021/05/01] Usage of raw or classic option list on input line 254.
Already applied: [0000/00/00] Usage of raw or classic option list on input line 370.
) (C:\Users\ritam\AppData\Local\Programs\MiKTeX\tex/generic/pdftexcmds\pdftexcmds.sty
Package: pdftexcmds 2020-06-27 v0.33 Utility functions of pdfTeX for LuaTeX (HO)
 (C:\Users\ritam\AppData\Local\Programs\MiKTeX\tex/generic/infwarerr\infwarerr.sty
Package: infwarerr 2019/12/03 v1.5 Providing info/warning/error messages (HO)
) (C:\Users\ritam\AppData\Local\Programs\MiKTeX\tex/generic/ltxcmds\ltxcmds.sty
Package: ltxcmds 2023-12-04 v1.26 LaTeX kernel commands for general use (HO)
)
Package pdftexcmds Info: \pdf@primitive is available.
Package pdftexcmds Info: \pdf@ifprimitive is available.
Package pdftexcmds Info: \pdfdraftmode found.
) (C:\Users\ritam\AppData\Local\Programs\MiKTeX\tex/latex/trimspaces\trimspaces.sty
Package: trimspaces 2009/09/17 v1.1 Trim spaces around a token list
) (C:\Users\ritam\AppData\Local\Programs\MiKTeX\tex/latex/graphics\graphicx.sty
Package: graphicx 2024/12/31 v1.2e Enhanced LaTeX Graphics (DPC,SPQR)
 (C:\Users\ritam\AppData\Local\Programs\MiKTeX\tex/latex/graphics\graphics.sty
Package: graphics 2024/08/06 v1.4g Standard LaTeX Graphics (DPC,SPQR)
 (C:\Users\ritam\AppData\Local\Programs\MiKTeX\tex/latex/graphics\trig.sty
Package: trig 2023/12/02 v1.11 sin cos tan (DPC)
) (C:\Users\ritam\AppData\Local\Programs\MiKTeX\tex/latex/graphics-cfg\graphics.cfg
File: graphics.cfg 2016/06/04 v1.11 sample graphics configuration
)
Package graphics Info: Driver file: pdftex.def on input line 106.
 (C:\Users\ritam\AppData\Local\Programs\MiKTeX\tex/latex/graphics-def\pdftex.def
File: pdftex.def 2025/09/29 v1.2d Graphics/color driver for pdftex
))
\Gin@req@height=\dimen181
\Gin@req@width=\dimen182
) (C:\Users\ritam\AppData\Local\Programs\MiKTeX\tex/latex/tools\shellesc.sty
Package: shellesc 2023/07/08 v1.0d unified shell escape interface for LaTeX
Package shellesc Info: Restricted shell escape enabled on input line 77.
)
\c@svg@param@lastpage=\count302
\svg@box=\box57
\c@svg@param@currpage=\count303
) (C:\Users\ritam\AppData\Local\Programs\MiKTeX\tex/latex/xcolor\xcolor.sty
Package: xcolor 2024/09/29 v3.02 LaTeX color extensions (UK)
 (C:\Users\ritam\AppData\Local\Programs\MiKTeX\tex/latex/graphics-cfg\color.cfg
File: color.cfg 2016/01/02 v1.6 sample color configuration
)
Package xcolor Info: Driver file: pdftex.def on input line 274.
 (C:\Users\ritam\AppData\Local\Programs\MiKTeX\tex/latex/graphics\mathcolor.ltx)
Package xcolor Info: Model `cmy' substituted by `cmy0' on input line 1349.
Package xcolor Info: Model `hsb' substituted by `rgb' on input line 1353.
Package xcolor Info: Model `RGB' extended on input line 1365.
Package xcolor Info: Model `HTML' substituted by `rgb' on input line 1367.
Package xcolor Info: Model `Hsb' substituted by `hsb' on input line 1368.
Package xcolor Info: Model `tHsb' substituted by `hsb' on input line 1369.
Package xcolor Info: Model `HSB' substituted by `hsb' on input line 1370.
Package xcolor Info: Model `Gray' substituted by `gray' on input line 1371.
Package xcolor Info: Model `wave' substituted by `hsb' on input line 1372.
) (C:\Users\ritam\AppData\Local\Programs\MiKTeX\tex/latex/transparent\transparent.sty
Package: transparent 2025-06-23 v1.6 Transparency with color stacks
 (C:\Users\ritam\AppData\Local\Programs\MiKTeX\tex/latex/transparent\transparent-nometadata.sty
Package: transparent-nometadata 2025-06-23 v1.6 Transparency via pdfTeX's color stack (HO)
 (C:\Users\ritam\AppData\Local\Programs\MiKTeX\tex/latex/auxhook\auxhook.sty
Package: auxhook 2019-12-17 v1.6 Hooks for auxiliary files (HO)
))) (C:\Users\ritam\AppData\Local\Programs\MiKTeX\tex/latex/pgf/systemlayer\pgfsys.sty (C:\Users\ritam\AppData\Local\Programs\MiKTeX\tex/latex/pgf/utilities\pgfrcs.sty (C:\Users\ritam\AppData\Local\Programs\MiKTeX\tex/generic/pgf/utilities\pgfutil-common.tex
\pgfutil@everybye=\toks25
\pgfutil@tempdima=\dimen183
\pgfutil@tempdimb=\dimen184
) (C:\Users\ritam\AppData\Local\Programs\MiKTeX\tex/generic/pgf/utilities\pgfutil-latex.def
\pgfutil@abb=\box58
) (C:\Users\ritam\AppData\Local\Programs\MiKTeX\tex/generic/pgf/utilities\pgfrcs.code.tex (C:\Users\ritam\AppData\Local\Programs\MiKTeX\tex/generic/pgf\pgf.revision.tex)
Package: pgfrcs 2025-08-29 v3.1.11a (3.1.11a)
)) (C:\Users\ritam\AppData\Local\Programs\MiKTeX\tex/generic/pgf/systemlayer\pgfsys.code.tex
Package: pgfsys 2025-08-29 v3.1.11a (3.1.11a)
 (C:\Users\ritam\AppData\Local\Programs\MiKTeX\tex/generic/pgf/utilities\pgfkeys.code.tex
\pgfkeys@pathtoks=\toks26
\pgfkeys@temptoks=\toks27
 (C:\Users\ritam\AppData\Local\Programs\MiKTeX\tex/generic/pgf/utilities\pgfkeyslibraryfiltered.code.tex
\pgfkeys@tmptoks=\toks28
))
\pgf@x=\dimen185
\pgf@y=\dimen186
\pgf@xa=\dimen187
\pgf@ya=\dimen188
\pgf@xb=\dimen189
\pgf@yb=\dimen190
\pgf@xc=\dimen191
\pgf@yc=\dimen192
\pgf@xd=\dimen193
\pgf@yd=\dimen194
\w@pgf@writea=\write3
\r@pgf@reada=\read2
\c@pgf@counta=\count304
\c@pgf@countb=\count305
\c@pgf@countc=\count306
\c@pgf@countd=\count307
\t@pgf@toka=\toks29
\t@pgf@tokb=\toks30
\t@pgf@tokc=\toks31
\pgf@sys@id@count=\count308
 (C:\Users\ritam\AppData\Local\Programs\MiKTeX\tex/generic/pgf/systemlayer\pgf.cfg
File: pgf.cfg 2025-08-29 v3.1.11a (3.1.11a)
)
Driver file for pgf: pgfsys-pdftex.def
 (C:\Users\ritam\AppData\Local\Programs\MiKTeX\tex/generic/pgf/systemlayer\pgfsys-pdftex.def
File: pgfsys-pdftex.def 2025-08-29 v3.1.11a (3.1.11a)
 (C:\Users\ritam\AppData\Local\Programs\MiKTeX\tex/generic/pgf/systemlayer\pgfsys-common-pdf.def
File: pgfsys-common-pdf.def 2025-08-29 v3.1.11a (3.1.11a)
))) (C:\Users\ritam\AppData\Local\Programs\MiKTeX\tex/generic/pgf/systemlayer\pgfsyssoftpath.code.tex
File: pgfsyssoftpath.code.tex 2025-08-29 v3.1.11a (3.1.11a)
\pgfsyssoftpath@smallbuffer@items=\count309
\pgfsyssoftpath@bigbuffer@items=\count310
) (C:\Users\ritam\AppData\Local\Programs\MiKTeX\tex/generic/pgf/systemlayer\pgfsysprotocol.code.tex
File: pgfsysprotocol.code.tex 2025-08-29 v3.1.11a (3.1.11a)
)) (C:\Users\ritam\AppData\Local\Programs\MiKTeX\tex/latex/base\fontenc.sty
Package: fontenc 2025/07/18 v2.1d Standard LaTeX package
LaTeX Font Info:    Trying to load font information for T1+lmr on input line 116.
 (C:\Users\ritam\AppData\Local\Programs\MiKTeX\tex/latex/lm\t1lmr.fd
File: t1lmr.fd 2015/05/01 v1.6.1 Font defs for Latin Modern
)) (C:\Users\ritam\AppData\Local\Programs\MiKTeX\tex/latex/base\inputenc.sty
Package: inputenc 2024/02/08 v1.3d Input encoding file
\inpenc@prehook=\toks32
\inpenc@posthook=\toks33
) (C:\Users\ritam\AppData\Local\Programs\MiKTeX\tex/latex/base\textcomp.sty
Package: textcomp 2024/04/24 v2.1b Standard LaTeX package
) (C:\Users\ritam\AppData\Local\Programs\MiKTeX\tex/latex/upquote\upquote.sty
Package: upquote 2012/04/19 v1.3 upright-quote and grave-accent glyphs in verbatim
) (C:\Users\ritam\AppData\Local\Programs\MiKTeX\tex/latex/microtype\microtype.sty
Package: microtype 2025/07/09 v3.2b Micro-typographical refinements (RS)
 (C:\Users\ritam\AppData\Local\Programs\MiKTeX\tex/latex/etoolbox\etoolbox.sty
Package: etoolbox 2025/10/02 v2.5m e-TeX tools for LaTeX (JAW)
\etb@tempcnta=\count311
)
\MT@toks=\toks34
\MT@tempbox=\box59
\MT@count=\count312
LaTeX Info: Redefining \noprotrusionifhmode on input line 1087.
LaTeX Info: Redefining \leftprotrusion on input line 1088.
\MT@prot@toks=\toks35
LaTeX Info: Redefining \rightprotrusion on input line 1107.
LaTeX Info: Redefining \textls on input line 1449.
\MT@outer@kern=\dimen195
LaTeX Info: Redefining \microtypecontext on input line 2053.
LaTeX Info: Redefining \textmicrotypecontext on input line 2070.
\MT@listname@count=\count313
 (C:\Users\ritam\AppData\Local\Programs\MiKTeX\tex/latex/microtype\microtype-pdftex.def
File: microtype-pdftex.def 2025/07/09 v3.2b Definitions specific to pdftex (RS)
LaTeX Info: Redefining \lsstyle on input line 944.
LaTeX Info: Redefining \lslig on input line 944.
\MT@outer@space=\skip55
)
Package microtype Info: Loading configuration file microtype.cfg.
 (C:\Users\ritam\AppData\Local\Programs\MiKTeX\tex/latex/microtype\microtype.cfg
File: microtype.cfg 2025/07/09 v3.2b microtype main configuration file (RS)
)
LaTeX Info: Redefining \microtypesetup on input line 3065.
) (C:\Users\ritam\AppData\Local\Programs\MiKTeX\tex/latex/parskip\parskip.sty
Package: parskip 2021-03-14 v2.0h non-zero parskip adjustments
 (C:\Users\ritam\AppData\Local\Programs\MiKTeX\tex/latex/kvoptions\kvoptions.sty
Package: kvoptions 2022-06-15 v3.15 Key value format for package options (HO)
 (C:\Users\ritam\AppData\Local\Programs\MiKTeX\tex/latex/kvsetkeys\kvsetkeys.sty
Package: kvsetkeys 2022-10-05 v1.19 Key value parser (HO)
))) (C:\Users\ritam\AppData\Local\Programs\MiKTeX\tex/latex/xurl\xurl.sty
Package: xurl 2022/01/09 v 0.10 modify URL breaks
 (C:\Users\ritam\AppData\Local\Programs\MiKTeX\tex/latex/url\url.sty
\Urlmuskip=\muskip18
Package: url 2013/09/16  ver 3.4  Verb mode for urls, etc.
)) (C:\Users\ritam\AppData\Local\Programs\MiKTeX\tex/latex/bookmark\bookmark.sty
Package: bookmark 2026-05-21 v1.32 PDF bookmarks (HO)
 (C:\Users\ritam\AppData\Local\Programs\MiKTeX\tex/latex/hyperref\hyperref.sty
Package: hyperref 2025-07-12 v7.01o Hypertext links for LaTeX
 (C:\Users\ritam\AppData\Local\Programs\MiKTeX\tex/generic/kvdefinekeys\kvdefinekeys.sty
Package: kvdefinekeys 2019-12-19 v1.6 Define keys (HO)
) (C:\Users\ritam\AppData\Local\Programs\MiKTeX\tex/generic/pdfescape\pdfescape.sty
Package: pdfescape 2019/12/09 v1.15 Implements pdfTeX's escape features (HO)
) (C:\Users\ritam\AppData\Local\Programs\MiKTeX\tex/latex/hycolor\hycolor.sty
Package: hycolor 2020-01-27 v1.10 Color options for hyperref/bookmark (HO)
) (C:\Users\ritam\AppData\Local\Programs\MiKTeX\tex/latex/hyperref\nameref.sty
Package: nameref 2025-06-21 v2.57 Cross-referencing by name of section
 (C:\Users\ritam\AppData\Local\Programs\MiKTeX\tex/latex/refcount\refcount.sty
Package: refcount 2019/12/15 v3.6 Data extraction from label references (HO)
) (C:\Users\ritam\AppData\Local\Programs\MiKTeX\tex/generic/gettitlestring\gettitlestring.sty
Package: gettitlestring 2019/12/15 v1.6 Cleanup title references (HO)
)
\c@section@level=\count314
) (C:\Users\ritam\AppData\Local\Programs\MiKTeX\tex/generic/stringenc\stringenc.sty
Package: stringenc 2019/11/29 v1.12 Convert strings between diff. encodings (HO)
)
\@linkdim=\dimen196
\Hy@linkcounter=\count315
\Hy@pagecounter=\count316
 (C:\Users\ritam\AppData\Local\Programs\MiKTeX\tex/latex/hyperref\pd1enc.def
File: pd1enc.def 2025-07-12 v7.01o Hyperref: PDFDocEncoding definition (HO)
Now handling font encoding PD1 ...
... no UTF-8 mapping file for font encoding PD1
) (C:\Users\ritam\AppData\Local\Programs\MiKTeX\tex/generic/intcalc\intcalc.sty
Package: intcalc 2019/12/15 v1.3 Expandable calculations with integers (HO)
)
\Hy@SavedSpaceFactor=\count317
 (C:\Users\ritam\AppData\Local\Programs\MiKTeX\tex/latex/hyperref\puenc.def
File: puenc.def 2025-07-12 v7.01o Hyperref: PDF Unicode definition (HO)
Now handling font encoding PU ...
... no UTF-8 mapping file for font encoding PU
)
Package hyperref Info: Option `unicode' set `true' on input line 4066.
Package hyperref Info: Hyper figures OFF on input line 4195.
Package hyperref Info: Link nesting OFF on input line 4200.
Package hyperref Info: Hyper index ON on input line 4203.
Package hyperref Info: Plain pages OFF on input line 4210.
Package hyperref Info: Backreferencing OFF on input line 4215.
Package hyperref Info: Implicit mode ON; LaTeX internals redefined.
Package hyperref Info: Bookmarks ON on input line 4462.
\c@Hy@tempcnt=\count318
LaTeX Info: Redefining \url on input line 4801.
\XeTeXLinkMargin=\dimen197
 (C:\Users\ritam\AppData\Local\Programs\MiKTeX\tex/generic/bitset\bitset.sty
Package: bitset 2019/12/09 v1.3 Handle bit-vector datatype (HO)
 (C:\Users\ritam\AppData\Local\Programs\MiKTeX\tex/generic/bigintcalc\bigintcalc.sty
Package: bigintcalc 2019/12/15 v1.5 Expandable calculations on big integers (HO)
))
\Fld@menulength=\count319
\Field@Width=\dimen198
\Fld@charsize=\dimen199
Package hyperref Info: Hyper figures OFF on input line 6078.
Package hyperref Info: Link nesting OFF on input line 6083.
Package hyperref Info: Hyper index ON on input line 6086.
Package hyperref Info: backreferencing OFF on input line 6093.
Package hyperref Info: Link coloring OFF on input line 6098.
Package hyperref Info: Link coloring with OCG OFF on input line 6103.
Package hyperref Info: PDF/A mode OFF on input line 6108.
\Hy@abspage=\count320
\c@Item=\count321
\c@Hfootnote=\count322
)
Package hyperref Info: Driver (autodetected): hpdftex.
 (C:\Users\ritam\AppData\Local\Programs\MiKTeX\tex/latex/hyperref\hpdftex.def
File: hpdftex.def 2025-07-12 v7.01o Hyperref driver for pdfTeX
\Fld@listcount=\count323
\c@bookmark@seq@number=\count324
 (C:\Users\ritam\AppData\Local\Programs\MiKTeX\tex/latex/rerunfilecheck\rerunfilecheck.sty
Package: rerunfilecheck 2025-06-21 v1.11 Rerun checks for auxiliary files (HO)
 (C:\Users\ritam\AppData\Local\Programs\MiKTeX\tex/generic/uniquecounter\uniquecounter.sty
Package: uniquecounter 2019/12/15 v1.4 Provide unlimited unique counter (HO)
)
Package uniquecounter Info: New unique counter `rerunfilecheck' on input line 284.
)
\Hy@SectionHShift=\skip56
) (C:\Users\ritam\AppData\Local\Programs\MiKTeX\tex/latex/l3backend\l3backend-pdftex.def
File: l3backend-pdftex.def 2025-10-09 L3 backend support: PDF output (pdfTeX)
\l__color_backend_stack_int=\count325
) (C:\Users\ritam\AppData\Local\Programs\MiKTeX\tex/latex/bookmark\bkm-pdftex.def
File: bkm-pdftex.def 2026-05-21 v1.32 bookmark driver for pdfTeX (HO)
\BKM@id=\count326
)) (C:\Users\ritam\AppData\Local\Programs\MiKTeX\tex/latex/fancyvrb\fancyvrb.sty
Package: fancyvrb 2026/04/16 4.6a verbatim text (tvz,hv)
\FV@CodeLineNo=\count327
\FV@InFile=\read3
\FV@TabBox=\box60
\c@FancyVerbLine=\count328
\FV@StepNumber=\count329
\FV@OutFile=\write4
) (C:\Users\ritam\AppData\Local\Programs\MiKTeX\tex/latex/fvextra\fvextra.sty
Package: fvextra 2026/02/25 v1.14.0 fvextra - extensions and patches for fancyvrb
 (C:\Users\ritam\AppData\Local\Programs\MiKTeX\tex/latex/lineno\lineno.sty
Package: lineno 2025/05/13 line numbers on paragraphs v5.5
\linenopenalty=\count330
\output=\toks36
\linenoprevgraf=\count331
\linenumbersep=\dimen256
\linenumberwidth=\dimen257
\c@linenumber=\count332
\c@pagewiselinenumber=\count333
\c@LN@truepage=\count334
\c@internallinenumber=\count335
\c@internallinenumbers=\count336
\quotelinenumbersep=\dimen258
\bframerule=\dimen259
\bframesep=\dimen260
\bframebox=\box61
\@LN@amsmath@ams@eqpen=\count337
)
\c@FancyVerbWriteLine=\count338
\c@FancyVerbBufferLine=\count339
\c@FV@TrueTabGroupLevel=\count340
\c@FV@TrueTabCounter=\count341
\FV@TabBox@Group=\box62
\FV@bgcolorstructbox=\box63
\FV@TmpLength=\skip57
\c@FV@HighlightLinesStart=\count342
\c@FV@HighlightLinesStop=\count343
\FV@LoopCount=\count344
\FV@NCharsBox=\box64
\FV@BreakIndent=\dimen261
\FV@BreakIndentNChars=\count345
\FV@BreakSymbolSepLeft=\dimen262
\FV@BreakSymbolSepLeftNChars=\count346
\FV@BreakSymbolSepRight=\dimen263
\FV@BreakSymbolSepRightNChars=\count347
\FV@BreakSymbolIndentLeft=\dimen264
\FV@BreakSymbolIndentLeftNChars=\count348
\FV@BreakSymbolIndentRight=\dimen265
\FV@BreakSymbolIndentRightNChars=\count349
\c@FancyVerbLineBreakLast=\count350
\FV@LineBox=\box65
\FV@LineIndentBox=\box66
\c@FV@BreakBufferDepth=\count351
\FV@LineWidth=\dimen266
) (C:\Users\ritam\AppData\Local\Programs\MiKTeX\tex/latex/tools\array.sty
Package: array 2025/09/25 v2.6n Tabular extension package (FMi)
\col@sep=\dimen267
\ar@mcellbox=\box67
\extrarowheight=\dimen268
\NC@list=\toks37
\extratabsurround=\skip58
\backup@length=\skip59
\ar@cellbox=\box68
) (C:\Users\ritam\AppData\Local\Programs\MiKTeX\tex/latex/tools\tabularx.sty
Package: tabularx 2023/12/11 v2.12a `tabularx' package (DPC)
\TX@col@width=\dimen269
\TX@old@table=\dimen270
\TX@old@col=\dimen271
\TX@target=\dimen272
\TX@delta=\dimen273
\TX@cols=\count352
\TX@ftn=\toks38
) (C:\Users\ritam\AppData\Local\Programs\MiKTeX\tex/latex/ragged2e\ragged2e.sty
Package: ragged2e 2023/06/22 v3.6 ragged2e Package
\CenteringLeftskip=\skip60
\RaggedLeftLeftskip=\skip61
\RaggedRightLeftskip=\skip62
\CenteringRightskip=\skip63
\RaggedLeftRightskip=\skip64
\RaggedRightRightskip=\skip65
\CenteringParfillskip=\skip66
\RaggedLeftParfillskip=\skip67
\RaggedRightParfillskip=\skip68
\JustifyingParfillskip=\skip69
\CenteringParindent=\skip70
\RaggedLeftParindent=\skip71
\RaggedRightParindent=\skip72
\JustifyingParindent=\skip73
) (C:\Users\ritam\AppData\Local\Programs\MiKTeX\tex/latex/booktabs\booktabs.sty
Package: booktabs 2020/01/12 v1.61803398 Publication quality tables
\heavyrulewidth=\dimen274
\lightrulewidth=\dimen275
\cmidrulewidth=\dimen276
\belowrulesep=\dimen277
\belowbottomsep=\dimen278
\aboverulesep=\dimen279
\abovetopsep=\dimen280
\cmidrulesep=\dimen281
\cmidrulekern=\dimen282
\defaultaddspace=\dimen283
\@cmidla=\count353
\@cmidlb=\count354
\@aboverulesep=\dimen284
\@belowrulesep=\dimen285
\@thisruleclass=\count355
\@lastruleclass=\count356
\@thisrulewidth=\dimen286
) (C:\Users\ritam\AppData\Local\Programs\MiKTeX\tex/latex/cite\cite.sty
LaTeX Info: Redefining \cite on input line 302.
LaTeX Info: Redefining \nocite on input line 332.
Package: cite 2015/02/27  v 5.5
)
No file main.aux.
\openout1 = `main.aux'.

LaTeX Font Info:    Checking defaults for OML/cmm/m/it on input line 461.
LaTeX Font Info:    ... okay on input line 461.
LaTeX Font Info:    Checking defaults for OMS/cmsy/m/n on input line 461.
LaTeX Font Info:    ... okay on input line 461.
LaTeX Font Info:    Checking defaults for OT1/cmr/m/n on input line 461.
LaTeX Font Info:    ... okay on input line 461.
LaTeX Font Info:    Checking defaults for T1/cmr/m/n on input line 461.
LaTeX Font Info:    ... okay on input line 461.
LaTeX Font Info:    Checking defaults for TS1/cmr/m/n on input line 461.
LaTeX Font Info:    ... okay on input line 461.
LaTeX Font Info:    Checking defaults for OMX/cmex/m/n on input line 461.
LaTeX Font Info:    ... okay on input line 461.
LaTeX Font Info:    Checking defaults for U/cmr/m/n on input line 461.
LaTeX Font Info:    ... okay on input line 461.
LaTeX Font Info:    Checking defaults for PD1/pdf/m/n on input line 461.
LaTeX Font Info:    ... okay on input line 461.
LaTeX Font Info:    Checking defaults for PU/pdf/m/n on input line 461.
LaTeX Font Info:    ... okay on input line 461.
-- Lines per column: 58 (exact).
(C:\Users\ritam\AppData\Local\Programs\MiKTeX\tex/context/base/mkii\supp-pdf.mkii
[Loading MPS to PDF converter (version 2006.09.02).]
\scratchcounter=\count357
\scratchdimen=\dimen287
\scratchbox=\box69
\nofMPsegments=\count358
\nofMParguments=\count359
\everyMPshowfont=\toks39
\MPscratchCnt=\count360
\MPscratchDim=\dimen288
\MPnumerator=\count361
\makeMPintoPDFobject=\count362
\everyMPtoPDFconversion=\toks40
) (C:\Users\ritam\AppData\Local\Programs\MiKTeX\tex/latex/epstopdf-pkg\epstopdf-base.sty
Package: epstopdf-base 2020-01-24 v2.11 Base part for package epstopdf
Package epstopdf-base Info: Redefining graphics rule for `.eps' on input line 485.
 (C:\Users\ritam\AppData\Local\Programs\MiKTeX\tex/latex/00miktex\epstopdf-sys.cfg
File: epstopdf-sys.cfg 2021/03/18 v2.0 Configuration of epstopdf for MiKTeX
))
LaTeX Info: Redefining \microtypecontext on input line 461.
Package microtype Info: Applying patch `item' on input line 461.
Package microtype Info: Applying patch `toc' on input line 461.
Package microtype Info: Applying patch `eqnum' on input line 461.
Package microtype Info: Applying patch `footnote' on input line 461.
Package microtype Info: Applying patch `verbatim' on input line 461.
LaTeX Info: Redefining \microtypesetup on input line 461.
Package microtype Info: Generating PDF output.
Package microtype Info: Character protrusion enabled (level 2).
Package microtype Info: Using protrusion set `basicmath'.
Package microtype Info: Automatic font expansion enabled (level 2),
(microtype)             stretch: 20, shrink: 20, step: 1, non-selected.
Package microtype Info: Using default expansion set `alltext-nott'.
Package microtype Info: Patching command `\showhyphens'.
Package microtype Info: No adjustment of tracking.
Package microtype Info: No adjustment of interword spacing.
Package microtype Info: No adjustment of character kerning.
 (C:\Users\ritam\AppData\Local\Programs\MiKTeX\tex/latex/microtype\mt-cmr.cfg
File: mt-cmr.cfg 2013/05/19 v2.2 microtype config. file: Computer Modern Roman (RS)
)
Package hyperref Info: Link coloring OFF on input line 461.
LaTeX Font Info:    Trying to load font information for T1+lmtt on input line 543.
 (C:\Users\ritam\AppData\Local\Programs\MiKTeX\tex/latex/lm\t1lmtt.fd
File: t1lmtt.fd 2015/05/01 v1.6.1 Font defs for Latin Modern
)
LaTeX Font Info:    Font shape `T1/lmtt/bx/n' in size <9> not available
(Font)              Font shape `T1/lmtt/b/n' tried instead on input line 543.


LaTeX Warning: Citation `abeni2019' on page 1 undefined on input line 549.


LaTeX Warning: Citation `abeni2020' on page 1 undefined on input line 549.


LaTeX Warning: Citation `kuenzer2021' on page 1 undefined on input line 553.

(intro.tex
Package microtype Info: Character `029' is missing
(microtype)             in font `T1/lmr/m/sc/10'.
(microtype)             Ignoring protrusion settings for this character.


LaTeX Warning: Citation `abeni2019' on page 1 undefined on input line 27.


LaTeX Warning: Citation `abeni2020' on page 1 undefined on input line 32.


LaTeX Warning: Citation `abeni2024' on page 1 undefined on input line 36.


LaTeX Warning: Citation `cinque2024' on page 1 undefined on input line 40.


LaTeX Warning: Citation `abeni2019' on page 1 undefined on input line 60.


LaTeX Warning: Citation `abeni2020' on page 1 undefined on input line 60.

LaTeX Font Info:    Trying to load font information for OT1+lmr on input line 65.
(C:\Users\ritam\AppData\Local\Programs\MiKTeX\tex/latex/lm\ot1lmr.fd
File: ot1lmr.fd 2015/05/01 v1.6.1 Font defs for Latin Modern
)
LaTeX Font Info:    Trying to load font information for OML+lmm on input line 65.
 (C:\Users\ritam\AppData\Local\Programs\MiKTeX\tex/latex/lm\omllmm.fd
File: omllmm.fd 2015/05/01 v1.6.1 Font defs for Latin Modern
)
LaTeX Font Info:    Trying to load font information for OMS+lmsy on input line 65.
 (C:\Users\ritam\AppData\Local\Programs\MiKTeX\tex/latex/lm\omslmsy.fd
File: omslmsy.fd 2015/05/01 v1.6.1 Font defs for Latin Modern
)
LaTeX Font Info:    Trying to load font information for OMX+lmex on input line 65.
 (C:\Users\ritam\AppData\Local\Programs\MiKTeX\tex/latex/lm\omxlmex.fd
File: omxlmex.fd 2015/05/01 v1.6.1 Font defs for Latin Modern
)
LaTeX Font Info:    External font `lmex10' loaded for size
(Font)              <10> on input line 65.
LaTeX Font Info:    External font `lmex10' loaded for size
(Font)              <7> on input line 65.
LaTeX Font Info:    External font `lmex10' loaded for size
(Font)              <5> on input line 65.
LaTeX Font Info:    Trying to load font information for U+msa on input line 65.
 (C:\Users\ritam\AppData\Local\Programs\MiKTeX\tex/latex/amsfonts\umsa.fd
File: umsa.fd 2013/01/14 v3.01 AMS symbols A
) (C:\Users\ritam\AppData\Local\Programs\MiKTeX\tex/latex/microtype\mt-msa.cfg
File: mt-msa.cfg 2006/02/04 v1.1 microtype config. file: AMS symbols (a) (RS)
)
LaTeX Font Info:    Trying to load font information for U+msb on input line 65.
 (C:\Users\ritam\AppData\Local\Programs\MiKTeX\tex/latex/amsfonts\umsb.fd
File: umsb.fd 2013/01/14 v3.01 AMS symbols B
) (C:\Users\ritam\AppData\Local\Programs\MiKTeX\tex/latex/microtype\mt-msb.cfg
File: mt-msb.cfg 2005/06/01 v1.0 microtype config. file: AMS symbols (b) (RS)
)

LaTeX Warning: Citation `abeni2019' on page 1 undefined on input line 66.


Underfull \hbox (badness 2057) in paragraph at lines 65--71
[]\T1/lmr/bx/n/10 (+20) Baseline re-pro-duc-tion: \T1/lmr/m/n/10 (+20) We repli-cate the key
 []


Underfull \hbox (badness 10000) in paragraph at lines 65--71
\T1/lmr/m/n/10 (+20) scheduling-latency mea-sure-ments of [\T1/lmr/bx/n/10 (+20) ?\T1/lmr/m/n/10 (+20) ] us-ing
 []


Underfull \hbox (badness 10000) in paragraph at lines 65--71
\T1/lmtt/m/n/10 cyclictest \T1/lmr/m/n/10 (+20) across all four host--guest ker-nel
 []


Underfull \hbox (badness 2653) in paragraph at lines 65--71
\T1/lmr/m/n/10 (+20) com-bi-na-tions (NRT$\OMS/lmsy/m/n/10 ^^B$\T1/lmr/m/n/10 (+20) NRT, NRT$\OMS/lmsy/m/n/10 ^^B$\T1/lmr/m/n/10 (+20) RT, RT$\OMS/lmsy/m/n/10 ^^B$\T1/lmr/m/n/10 (+20) NRT,
 []


Underfull \hbox (badness 5175) in paragraph at lines 72--76
\T1/lmr/m/n/10 (+20) in-cre-men-tal ef-fect of vCPU pin-ning, host-side
 []


Underfull \hbox (badness 2181) in paragraph at lines 72--76
\T1/lmtt/m/n/10 isolcpus\T1/lmr/m/n/10 (+20) /\T1/lmtt/m/n/10 nohz_full\T1/lmr/m/n/10 (+20) , IRQ affin-ity steer-ing, and
 []


LaTeX Warning: Citation `taclebench' on page 1 undefined on input line 83.

[1{C:/Users/ritam/AppData/Local/MiKTeX/fonts/map/pdftex/pdftex.map}{C:/Users/ritam/AppData/Local/Programs/MiKTeX/fonts/enc/dvips/lm/lm-ec.enc}


{C:/Users/ritam/AppData/Local/Programs/MiKTeX/fonts/enc/dvips/lm/lm-mathsy.enc}]

LaTeX Warning: Citation `taclebench' on page 2 undefined on input line 106.


LaTeX Warning: Reference `sec:setup' on page 2 undefined on input line 111.


LaTeX Warning: Reference `sec:kvm' on page 2 undefined on input line 113.


LaTeX Warning: Reference `sec:xen' on page 2 undefined on input line 113.


LaTeX Warning: Reference `sec:conclusion' on page 2 undefined on input line 115.

) (setup.tex
LaTeX Font Info:    External font `lmex10' loaded for size
(Font)              <8> on input line 39.
LaTeX Font Info:    External font `lmex10' loaded for size
(Font)              <6> on input line 39.

Underfull \hbox (badness 3780) in paragraph at lines 141--144
[]\T1/lmtt/m/n/10 CONFIG_BLK_DEV_NVME \T1/lmr/m/n/10 (+20) (\T1/lmr/bx/n/10 (+20) Device Drivers \T1/lmr/m/n/10 (+20) ->
 []

[2{C:/Users/ritam/AppData/Local/Programs/MiKTeX/fonts/enc/dvips/lm/lm-mathit.enc}]
Underfull \hbox (badness 10000) in paragraph at lines 191--197
\T1/lmr/m/n/10 (+20) Nav-i-gate to \T1/lmtt/m/n/10 Overclocking \T1/lmr/m/n/10 (+20) -> \T1/lmtt/m/n/10 Advanced CPU
 []


Underfull \hbox (badness 7777) in paragraph at lines 191--197
\T1/lmtt/m/n/10 Configuration \T1/lmr/m/n/10 (+20) -> \T1/lmtt/m/n/10 AMD Overclocking \T1/lmr/m/n/10 (+20) and set
 []


Underfull \hbox (badness 1521) in paragraph at lines 203--208
[]\T1/lmr/bx/n/10 (+20) Set a Fixed CPU Fre-quency: \T1/lmr/m/n/10 (+20) In the main
 []

LaTeX Font Info:    Font shape `T1/lmtt/bx/n' in size <10> not available
(Font)              Font shape `T1/lmtt/b/n' tried instead on input line 225.
LaTeX Font Info:    Trying to load font information for TS1+lmtt on input line 256.
(C:\Users\ritam\AppData\Local\Programs\MiKTeX\tex/latex/lm\ts1lmtt.fd
File: ts1lmtt.fd 2015/05/01 v1.6.1 Font defs for Latin Modern
) [3{C:/Users/ritam/AppData/Local/Programs/MiKTeX/fonts/enc/dvips/lm/lm-ts1.enc}]
Underfull \hbox (badness 1540) in paragraph at lines 292--296
[]\T1/lmr/m/n/10 (+20) In or-der to ap-ply the OS-level iso-la-tion tech-niques
 []


Underfull \hbox (badness 10000) in paragraph at lines 292--296
\T1/lmr/m/n/10 (+20) on the pinned con-fig-u-ra-tion, we mod-i-fied the
 []


Underfull \hbox (badness 5924) in paragraph at lines 292--296
\T1/lmtt/m/n/10 /etc/grub.d/40_custom \T1/lmr/m/n/10 (+20) file adding the en-tries in
 []

Package microtype Info: Character `029' is missing
(microtype)             in font `T1/lmr/m/sc/8'.
(microtype)             Ignoring protrusion settings for this character.

Underfull \hbox (badness 1540) in paragraph at lines 321--325
[]\T1/lmr/m/n/10 (+20) In or-der to ap-ply the OS-level iso-la-tion tech-niques
 []


Underfull \hbox (badness 10000) in paragraph at lines 321--325
\T1/lmr/m/n/10 (+20) on the pinned con-fig-u-ra-tion, we mod-i-fied the
 []


Underfull \hbox (badness 5924) in paragraph at lines 321--325
\T1/lmtt/m/n/10 /etc/grub.d/40_custom \T1/lmr/m/n/10 (+20) file adding the en-tries in
 []


Underfull \hbox (badness 1383) in paragraph at lines 393--398
[]\T1/lmr/m/n/10 (+20) We con-fig-ured them the same way we did for the
 []


Underfull \hbox (badness 7451) in paragraph at lines 429--433
[]\T1/lmr/m/n/10 (+20) We in-stalled the Xen hy-per-vi-sor 4.17.3 via the
 []


Underfull \hbox (badness 10000) in paragraph at lines 508--516
 \T1/lmr/m/it/10 (+20) 1) Prob-lems with PRE-EMPT_RT: [][] \T1/lmr/m/n/10 (+20) Dur-ing the
 []


Underfull \hbox (badness 7814) in paragraph at lines 508--516
\T1/lmr/m/n/10 (+20) ini-tial setup phase, we at-tempted to boot Xen
 []


Underfull \hbox (badness 10000) in paragraph at lines 508--516
\T1/lmr/m/n/10 (+20) us-ing the same real-time kernel---compiled with
 []


Underfull \hbox (badness 2245) in paragraph at lines 508--516
\T1/lmr/m/n/10 (+20) the pre-vi-ously de-scribed instructions---as the Dom0
 []


Underfull \hbox (badness 10000) in paragraph at lines 508--516
\T1/lmr/m/n/10 (+20) ker-nel. We tested var-i-ous ker-nel ver-sions across
 []


Underfull \hbox (badness 10000) in paragraph at lines 508--516
\T1/lmr/m/n/10 (+20) dif-fer-ent Linux dis-tri-bu-tions and ex-per-i-mented
 []


Underfull \hbox (badness 1454) in paragraph at lines 508--516
\T1/lmr/m/n/10 (+20) with sev-eral com-bi-na-tions of the tun-ing pa-ram-e-ters
 []


Underfull \hbox (badness 10000) in paragraph at lines 508--516
\T1/lmtt/m/n/10 CONFIG_CPU_FREQ\T1/lmr/m/n/10 (+20) , \T1/lmtt/m/n/10 CONFIG_STACKPROTECTOR\T1/lmr/m/n/10 (+20) ,
 []


Underfull \hbox (badness 10000) in paragraph at lines 508--516
\T1/lmtt/m/n/10 CONFIG_APM\T1/lmr/m/n/10 (+20) , \T1/lmtt/m/n/10 CONFIG_ACPI_PROCESSOR\T1/lmr/m/n/10 (+20) , and
 []

[4]
Underfull \hbox (badness 1584) in paragraph at lines 550--554
\T1/lmr/m/n/10 (+20) chal-lenge. The sys-tem most likely dropped into an
 []

[5]) (kvm.tex [6]
Underfull \hbox (badness 4765) in paragraph at lines 41--46
\T1/lmr/bx/n/10 (+20) (NRT) Guest: \T1/lmr/m/n/10 (+20) to an-a-lyze the im-pact of a
 []


Package svg Warning: You didn't enable `shell escape' (or `write18')
(svg)                so it wasn't possible to launch the Inkscape export
(svg)                for `../KVM/tests/plot/svg/kvm_nonoise.svg' on input line 60.


! Package svg Error: File `kvm_nonoise_svg-tex.pdf' is missing.

See the svg package documentation for explanation.
Type  H <return>  for immediate help.
 ...                                              
                                                  
l.60 ...th]{../KVM/tests/plot/svg/kvm_nonoise.svg}
                                                  
Did you run the export with Inkscape? There's no file
`./svg-inkscape/kvm_nonoise_svg-tex.pdf'
although `../KVM/tests/plot/svg/kvm_nonoise.svg' was found.


! Package svg Error: File `kvm_nonoise_svg-tex.pdf_tex' is missing.

See the svg package documentation for explanation.
Type  H <return>  for immediate help.
 ...                                              
                                                  
l.60 ...th]{../KVM/tests/plot/svg/kvm_nonoise.svg}
                                                  
Did you run the export with Inkscape? There's no file
`./svg-inkscape/kvm_nonoise_svg-tex.pdf_tex'
although `../KVM/tests/plot/svg/kvm_nonoise.svg' was found.

[7] [8]
Overfull \hbox (0.59323pt too wide) in paragraph at lines 209--217
 \T1/lmr/m/it/10 (-20) 4) REAL-TIME HOST AND REAL-TIME GUEST (FULL
 []


Underfull \hbox (badness 1552) in paragraph at lines 209--217
\T1/lmr/m/n/10 (+20) from a sin-gle, pro-longed 5-minute ex-e-cu-tion of the
 []


Package svg Warning: You didn't enable `shell escape' (or `write18')
(svg)                so it wasn't possible to launch the Inkscape export
(svg)                for `../KVM/tests/plot/svg/KVM_baseline_boxplot.svg' on input line 274.


! Package svg Error: File `KVM_baseline_boxplot_svg-tex.pdf' is missing.

See the svg package documentation for explanation.
Type  H <return>  for immediate help.
 ...                                              
                                                  
l.274 .../tests/plot/svg/KVM_baseline_boxplot.svg}
                                                  
Did you run the export with Inkscape? There's no file
`./svg-inkscape/KVM_baseline_boxplot_svg-tex.pdf'
although `../KVM/tests/plot/svg/KVM_baseline_boxplot.svg' was found.


! Package svg Error: File `KVM_baseline_boxplot_svg-tex.pdf_tex' is missing.

See the svg package documentation for explanation.
Type  H <return>  for immediate help.
 ...                                              
                                                  
l.274 .../tests/plot/svg/KVM_baseline_boxplot.svg}
                                                  
Did you run the export with Inkscape? There's no file
`./svg-inkscape/KVM_baseline_boxplot_svg-tex.pdf_tex'
although `../KVM/tests/plot/svg/KVM_baseline_boxplot.svg' was found.


Underfull \hbox (badness 2359) in paragraph at lines 305--313
[]\T1/lmr/bx/n/10 (+20) The Il-lu-sion of Guest-Only Op-ti-miza-tion:
 []

[9]

Package svg Warning: You didn't enable `shell escape' (or `write18')
(svg)                so it wasn't possible to launch the Inkscape export
(svg)                for `../KVM/tests/plot/svg/kvm_backgroundnoise.svg' on input line 329.


! Package svg Error: File `kvm_backgroundnoise_svg-tex.pdf' is missing.

See the svg package documentation for explanation.
Type  H <return>  for immediate help.
 ...                                              
                                                  
l.329 ...M/tests/plot/svg/kvm_backgroundnoise.svg}
                                                  
Did you run the export with Inkscape? There's no file
`./svg-inkscape/kvm_backgroundnoise_svg-tex.pdf'
although `../KVM/tests/plot/svg/kvm_backgroundnoise.svg' was found.


! Package svg Error: File `kvm_backgroundnoise_svg-tex.pdf_tex' is missing.

See the svg package documentation for explanation.
Type  H <return>  for immediate help.
 ...                                              
                                                  
l.329 ...M/tests/plot/svg/kvm_backgroundnoise.svg}
                                                  
Did you run the export with Inkscape? There's no file
`./svg-inkscape/kvm_backgroundnoise_svg-tex.pdf_tex'
although `../KVM/tests/plot/svg/kvm_backgroundnoise.svg' was found.

[10]
Overfull \hbox (0.67812pt too wide) in paragraph at lines 472--476
 \T1/lmr/m/it/10 (-20) c) Con-clu-sions: [][] \T1/lmr/m/n/10 (-20) The em-pir-i-cal ob-ser-va-tion of this ex-e-cu-tion
 []


Package svg Warning: You didn't enable `shell escape' (or `write18')
(svg)                so it wasn't possible to launch the Inkscape export
(svg)                for `../KVM/tests/plot/svg/KVM_Stress_Workload_boxplot.svg' on input line 486.


! Package svg Error: File `KVM_Stress_Workload_boxplot_svg-tex.pdf' is missing.

See the svg package documentation for explanation.
Type  H <return>  for immediate help.
 ...                                              
                                                  
l.486 ...plot/svg/KVM_Stress_Workload_boxplot.svg}
                                                  
Did you run the export with Inkscape? There's no file
`./svg-inkscape/KVM_Stress_Workload_boxplot_svg-tex.pdf'
although `../KVM/tests/plot/svg/KVM_Stress_Workload_boxplot.svg' was found.


! Package svg Error: File `KVM_Stress_Workload_boxplot_svg-tex.pdf_tex' is missing.

See the svg package documentation for explanation.
Type  H <return>  for immediate help.
 ...                                              
                                                  
l.486 ...plot/svg/KVM_Stress_Workload_boxplot.svg}
                                                  
Did you run the export with Inkscape? There's no file
`./svg-inkscape/KVM_Stress_Workload_boxplot_svg-tex.pdf_tex'
although `../KVM/tests/plot/svg/KVM_Stress_Workload_boxplot.svg' was found.


Underfull \hbox (badness 4765) in paragraph at lines 521--525
\T1/lmr/bx/n/10 (+20) (NRT) Guest: \T1/lmr/m/n/10 (+20) to an-a-lyze the im-pact of a
 []


Package svg Warning: You didn't enable `shell escape' (or `write18')
(svg)                so it wasn't possible to launch the Inkscape export
(svg)                for `../KVM/tests/plot/svg/kvm_backgroundnoise_isolated.svg' on input line 538.


! Package svg Error: File `kvm_backgroundnoise_isolated_svg-tex.pdf' is missing.

See the svg package documentation for explanation.
Type  H <return>  for immediate help.
 ...                                              
                                                  
l.538 ...lot/svg/kvm_backgroundnoise_isolated.svg}
                                                  
Did you run the export with Inkscape? There's no file
`./svg-inkscape/kvm_backgroundnoise_isolated_svg-tex.pdf'
although `../KVM/tests/plot/svg/kvm_backgroundnoise_isolated.svg' was found.


! Package svg Error: File `kvm_backgroundnoise_isolated_svg-tex.pdf_tex' is missing.

See the svg package documentation for explanation.
Type  H <return>  for immediate help.
 ...                                              
                                                  
l.538 ...lot/svg/kvm_backgroundnoise_isolated.svg}
                                                  
Did you run the export with Inkscape? There's no file
`./svg-inkscape/kvm_backgroundnoise_isolated_svg-tex.pdf_tex'
although `../KVM/tests/plot/svg/kvm_backgroundnoise_isolated.svg' was found.


Underfull \hbox (badness 1371) in paragraph at lines 546--551
\T1/lmr/m/n/10 (+20) presents an anal-y-sis of a sin-gle, ex-tended 5-minute
 []

[11]
Overfull \hbox (0.59323pt too wide) in paragraph at lines 673--679
 \T1/lmr/m/it/10 (-20) 4) REAL-TIME HOST AND REAL-TIME GUEST (FULL
 []


Package svg Warning: You didn't enable `shell escape' (or `write18')
(svg)                so it wasn't possible to launch the Inkscape export
(svg)                for `../KVM/tests/plot/svg/KVM_ISOLATED_STRESS_HOST_boxplot.svg' on input line 712.


! Package svg Error: File `KVM_ISOLATED_STRESS_HOST_boxplot_svg-tex.pdf' is missing.

See the svg package documentation for explanation.
Type  H <return>  for immediate help.
 ...                                              
                                                  
l.712 ...svg/KVM_ISOLATED_STRESS_HOST_boxplot.svg}
                                                  
Did you run the export with Inkscape? There's no file
`./svg-inkscape/KVM_ISOLATED_STRESS_HOST_boxplot_svg-tex.pdf'
although `../KVM/tests/plot/svg/KVM_ISOLATED_STRESS_HOST_boxplot.svg' was found.


! Package svg Error: File `KVM_ISOLATED_STRESS_HOST_boxplot_svg-tex.pdf_tex' is missing.

See the svg package documentation for explanation.
Type  H <return>  for immediate help.
 ...                                              
                                                  
l.712 ...svg/KVM_ISOLATED_STRESS_HOST_boxplot.svg}
                                                  
Did you run the export with Inkscape? There's no file
`./svg-inkscape/KVM_ISOLATED_STRESS_HOST_boxplot_svg-tex.pdf_tex'
although `../KVM/tests/plot/svg/KVM_ISOLATED_STRESS_HOST_boxplot.svg' was found.

(C:\Users\ritam\AppData\Local\Programs\MiKTeX\tex/latex/lm\ts1lmr.fd)
Underfull \hbox (badness 3323) in paragraph at lines 766--768
 \T1/lmr/m/it/10 (+20) 1) NRT NRT: [][] \T1/lmr/bx/n/10 (+20) PER-CENT-AGE IN-CRE-MENTS
 []

[12]
Underfull \hbox (badness 10000) in paragraph at lines 785--787
 \T1/lmr/m/it/10 (+20) 2) NRT RT: [][] \T1/lmr/bx/n/10 (+20) PER-CENT-AGE IN-CRE-MENTS
 []


Underfull \hbox (badness 10000) in paragraph at lines 804--806
 \T1/lmr/m/it/10 (+20) 3) RT NRT: [][] \T1/lmr/bx/n/10 (+20) PER-CENT-AGE IN-CRE-MENTS
 []

[13] [14] [15] [16]

Package hyperref Warning: Token not allowed in a PDF string (Unicode):
(hyperref)                removing `math shift' on input line 1384.


Package hyperref Warning: Token not allowed in a PDF string (Unicode):
(hyperref)                removing `\mu' on input line 1384.


Package hyperref Warning: Token not allowed in a PDF string (Unicode):
(hyperref)                removing `math shift' on input line 1384.


Package svg Warning: You didn't enable `shell escape' (or `write18')
(svg)                so it wasn't possible to launch the Inkscape export
(svg)                for `../KVM/tests_TACLe/plots/kvm_TACLe_debie_boxplot.svg' on input line 1435.


! Package svg Error: File `kvm_TACLe_debie_boxplot_svg-tex.pdf' is missing.

See the svg package documentation for explanation.
Type  H <return>  for immediate help.
 ...                                              
                                                  
l.1435 ...TACLe/plots/kvm_TACLe_debie_boxplot.svg}
                                                  
Did you run the export with Inkscape? There's no file
`./svg-inkscape/kvm_TACLe_debie_boxplot_svg-tex.pdf'
although `../KVM/tests_TACLe/plots/kvm_TACLe_debie_boxplot.svg' was found.


! Package svg Error: File `kvm_TACLe_debie_boxplot_svg-tex.pdf_tex' is missing.

See the svg package documentation for explanation.
Type  H <return>  for immediate help.
 ...                                              
                                                  
l.1435 ...TACLe/plots/kvm_TACLe_debie_boxplot.svg}
                                                  
Did you run the export with Inkscape? There's no file
`./svg-inkscape/kvm_TACLe_debie_boxplot_svg-tex.pdf_tex'
although `../KVM/tests_TACLe/plots/kvm_TACLe_debie_boxplot.svg' was found.


Underfull \hbox (badness 5189) in paragraph at lines 1455--1457
 \T1/lmr/m/it/10 (+20) b) HUF-FENC: [][] \T1/lmr/bx/n/10 (+20) PER-CENT-AGE IN-CRE-MENTS
 []


Package svg Warning: You didn't enable `shell escape' (or `write18')
(svg)                so it wasn't possible to launch the Inkscape export
(svg)                for `../KVM/tests_TACLe/plots_nanosec/svg/kvm_TACLe_huffenc_boxplot.svg' on input line 1460.


! Package svg Error: File `kvm_TACLe_huffenc_boxplot_svg-tex.pdf' is missing.

See the svg package documentation for explanation.
Type  H <return>  for immediate help.
 ...                                              
                                                  
l.1460 ...nosec/svg/kvm_TACLe_huffenc_boxplot.svg}
                                                  
Did you run the export with Inkscape? There's no file
`./svg-inkscape/kvm_TACLe_huffenc_boxplot_svg-tex.pdf'
although `../KVM/tests_TACLe/plots_nanosec/svg/kvm_TACLe_huffenc_boxplot.svg' was found.


! Package svg Error: File `kvm_TACLe_huffenc_boxplot_svg-tex.pdf_tex' is missing.

See the svg package documentation for explanation.
Type  H <return>  for immediate help.
 ...                                              
                                                  
l.1460 ...nosec/svg/kvm_TACLe_huffenc_boxplot.svg}
                                                  
Did you run the export with Inkscape? There's no file
`./svg-inkscape/kvm_TACLe_huffenc_boxplot_svg-tex.pdf_tex'
although `../KVM/tests_TACLe/plots_nanosec/svg/kvm_TACLe_huffenc_boxplot.svg' was found.


Package svg Warning: You didn't enable `shell escape' (or `write18')
(svg)                so it wasn't possible to launch the Inkscape export
(svg)                for `../KVM/tests_TACLe/plots_nanosec/svg/kvm_TACLe_lift_boxplot.svg' on input line 1485.


! Package svg Error: File `kvm_TACLe_lift_boxplot_svg-tex.pdf' is missing.

See the svg package documentation for explanation.
Type  H <return>  for immediate help.
 ...                                              
                                                  
l.1485 ..._nanosec/svg/kvm_TACLe_lift_boxplot.svg}
                                                  
Did you run the export with Inkscape? There's no file
`./svg-inkscape/kvm_TACLe_lift_boxplot_svg-tex.pdf'
although `../KVM/tests_TACLe/plots_nanosec/svg/kvm_TACLe_lift_boxplot.svg' was found.


! Package svg Error: File `kvm_TACLe_lift_boxplot_svg-tex.pdf_tex' is missing.

See the svg package documentation for explanation.
Type  H <return>  for immediate help.
 ...                                              
                                                  
l.1485 ..._nanosec/svg/kvm_TACLe_lift_boxplot.svg}
                                                  
Did you run the export with Inkscape? There's no file
`./svg-inkscape/kvm_TACLe_lift_boxplot_svg-tex.pdf_tex'
although `../KVM/tests_TACLe/plots_nanosec/svg/kvm_TACLe_lift_boxplot.svg' was found.


Underfull \hbox (badness 10000) in paragraph at lines 1505--1507
 \T1/lmr/m/it/10 (+20) d) MA-TRIX1: [][] \T1/lmr/bx/n/10 (+20) PER-CENT-AGE IN-CRE-MENTS
 []


Package svg Warning: You didn't enable `shell escape' (or `write18')
(svg)                so it wasn't possible to launch the Inkscape export
(svg)                for `../KVM/tests_TACLe/plots_nanosec/svg/kvm_TACLe_matrix1_boxplot.svg' on input line 1510.


! Package svg Error: File `kvm_TACLe_matrix1_boxplot_svg-tex.pdf' is missing.

See the svg package documentation for explanation.
Type  H <return>  for immediate help.
 ...                                              
                                                  
l.1510 ...nosec/svg/kvm_TACLe_matrix1_boxplot.svg}
                                                  
Did you run the export with Inkscape? There's no file
`./svg-inkscape/kvm_TACLe_matrix1_boxplot_svg-tex.pdf'
although `../KVM/tests_TACLe/plots_nanosec/svg/kvm_TACLe_matrix1_boxplot.svg' was found.


! Package svg Error: File `kvm_TACLe_matrix1_boxplot_svg-tex.pdf_tex' is missing.

See the svg package documentation for explanation.
Type  H <return>  for immediate help.
 ...                                              
                                                  
l.1510 ...nosec/svg/kvm_TACLe_matrix1_boxplot.svg}
                                                  
Did you run the export with Inkscape? There's no file
`./svg-inkscape/kvm_TACLe_matrix1_boxplot_svg-tex.pdf_tex'
although `../KVM/tests_TACLe/plots_nanosec/svg/kvm_TACLe_matrix1_boxplot.svg' was found.


Package svg Warning: You didn't enable `shell escape' (or `write18')
(svg)                so it wasn't possible to launch the Inkscape export
(svg)                for `../KVM/tests_TACLe/plots/kvm_TACLe_test3_boxplot.svg' on input line 1535.


! Package svg Error: File `kvm_TACLe_test3_boxplot_svg-tex.pdf' is missing.

See the svg package documentation for explanation.
Type  H <return>  for immediate help.
 ...                                              
                                                  
l.1535 ...TACLe/plots/kvm_TACLe_test3_boxplot.svg}
                                                  
Did you run the export with Inkscape? There's no file
`./svg-inkscape/kvm_TACLe_test3_boxplot_svg-tex.pdf'
although `../KVM/tests_TACLe/plots/kvm_TACLe_test3_boxplot.svg' was found.


! Package svg Error: File `kvm_TACLe_test3_boxplot_svg-tex.pdf_tex' is missing.

See the svg package documentation for explanation.
Type  H <return>  for immediate help.
 ...                                              
                                                  
l.1535 ...TACLe/plots/kvm_TACLe_test3_boxplot.svg}
                                                  
Did you run the export with Inkscape? There's no file
`./svg-inkscape/kvm_TACLe_test3_boxplot_svg-tex.pdf_tex'
although `../KVM/tests_TACLe/plots/kvm_TACLe_test3_boxplot.svg' was found.

) (xen.tex
Underfull \hbox (badness 1521) in paragraph at lines 13--13
 \T1/lmr/m/it/10 (+20) A. BASE-LINE PER-FOR-MANCE ANAL-Y-SIS WITH
 []

[17]

Package svg Warning: You didn't enable `shell escape' (or `write18')
(svg)                so it wasn't possible to launch the Inkscape export
(svg)                for `../Xen/tests/plots/svg/xen_nonoise.svg' on input line 57.


! Package svg Error: File `xen_nonoise_svg-tex.pdf' is missing.

See the svg package documentation for explanation.
Type  H <return>  for immediate help.
 ...                                              
                                                  
l.57 ...h]{../Xen/tests/plots/svg/xen_nonoise.svg}
                                                  
Did you run the export with Inkscape? There's no file
`./svg-inkscape/xen_nonoise_svg-tex.pdf'
although `../Xen/tests/plots/svg/xen_nonoise.svg' was found.


! Package svg Error: File `xen_nonoise_svg-tex.pdf_tex' is missing.

See the svg package documentation for explanation.
Type  H <return>  for immediate help.
 ...                                              
                                                  
l.57 ...h]{../Xen/tests/plots/svg/xen_nonoise.svg}
                                                  
Did you run the export with Inkscape? There's no file
`./svg-inkscape/xen_nonoise_svg-tex.pdf_tex'
although `../Xen/tests/plots/svg/xen_nonoise.svg' was found.

[18] [19]

Package svg Warning: You didn't enable `shell escape' (or `write18')
(svg)                so it wasn't possible to launch the Inkscape export
(svg)                for `../Xen/tests/plots/svg/Xen_baseline_performance_c2_boxplot.svg' on input line 276.


! Package svg Error: File `Xen_baseline_performance_c2_boxplot_svg-tex.pdf' is missing.

See the svg package documentation for explanation.
Type  H <return>  for immediate help.
 ...                                              
                                                  
l.276 .../Xen_baseline_performance_c2_boxplot.svg}
                                                  
Did you run the export with Inkscape? There's no file
`./svg-inkscape/Xen_baseline_performance_c2_boxplot_svg-tex.pdf'
although `../Xen/tests/plots/svg/Xen_baseline_performance_c2_boxplot.svg' was found.


! Package svg Error: File `Xen_baseline_performance_c2_boxplot_svg-tex.pdf_tex' is missing.

See the svg package documentation for explanation.
Type  H <return>  for immediate help.
 ...                                              
                                                  
l.276 .../Xen_baseline_performance_c2_boxplot.svg}
                                                  
Did you run the export with Inkscape? There's no file
`./svg-inkscape/Xen_baseline_performance_c2_boxplot_svg-tex.pdf_tex'
although `../Xen/tests/plots/svg/Xen_baseline_performance_c2_boxplot.svg' was found.

[20]

Package svg Warning: You didn't enable `shell escape' (or `write18')
(svg)                so it wasn't possible to launch the Inkscape export
(svg)                for `../Xen/tests/plots/svg/xen_backgroundnoise.svg' on input line 325.


! Package svg Error: File `xen_backgroundnoise_svg-tex.pdf' is missing.

See the svg package documentation for explanation.
Type  H <return>  for immediate help.
 ...                                              
                                                  
l.325 .../tests/plots/svg/xen_backgroundnoise.svg}
                                                  
Did you run the export with Inkscape? There's no file
`./svg-inkscape/xen_backgroundnoise_svg-tex.pdf'
although `../Xen/tests/plots/svg/xen_backgroundnoise.svg' was found.


! Package svg Error: File `xen_backgroundnoise_svg-tex.pdf_tex' is missing.

See the svg package documentation for explanation.
Type  H <return>  for immediate help.
 ...                                              
                                                  
l.325 .../tests/plots/svg/xen_backgroundnoise.svg}
                                                  
Did you run the export with Inkscape? There's no file
`./svg-inkscape/xen_backgroundnoise_svg-tex.pdf_tex'
although `../Xen/tests/plots/svg/xen_backgroundnoise.svg' was found.

[21]

Package svg Warning: You didn't enable `shell escape' (or `write18')
(svg)                so it wasn't possible to launch the Inkscape export
(svg)                for `../Xen/tests/plots/svg/Xen_under_Stress_Workload_performance_c2_boxplot.svg' on input line 543.


! Package svg Error: File `Xen_under_Stress_Workload_performance_c2_boxplot_svg-tex.pdf' is missing.

See the svg package documentation for explanation.
Type  H <return>  for immediate help.
 ...                                              
                                                  
l.543 ...ress_Workload_performance_c2_boxplot.svg}
                                                  
Did you run the export with Inkscape? There's no file
`./svg-inkscape/Xen_under_Stress_Workload_performance_c2_boxplot_svg-tex.pdf'
although `../Xen/tests/plots/svg/Xen_under_Stress_Workload_performance_c2_boxplot.svg' was found.


! Package svg Error: File `Xen_under_Stress_Workload_performance_c2_boxplot_svg-tex.pdf_tex' is missing.

See the svg package documentation for explanation.
Type  H <return>  for immediate help.
 ...                                              
                                                  
l.543 ...ress_Workload_performance_c2_boxplot.svg}
                                                  
Did you run the export with Inkscape? There's no file
`./svg-inkscape/Xen_under_Stress_Workload_performance_c2_boxplot_svg-tex.pdf_tex'
although `../Xen/tests/plots/svg/Xen_under_Stress_Workload_performance_c2_boxplot.svg' was found.


Underfull \hbox (badness 1642) in paragraph at lines 548--548
 \T1/lmr/m/it/10 (+20) C. BASE-LINE PER-FOR-MANCE ANAL-Y-SIS WITH
 []


Underfull \hbox (badness 10000) in paragraph at lines 569--578
[]\T1/lmr/m/n/10 (+20) Maintaining the es-tab-lished test-ing method-ol-ogy,
 []


Underfull \hbox (badness 10000) in paragraph at lines 569--578
\T1/lmr/m/n/10 (+20) of non-deterministic (NRT) and op-ti-mized (Low
 []

[22]

Package svg Warning: You didn't enable `shell escape' (or `write18')
(svg)                so it wasn't possible to launch the Inkscape export
(svg)                for `../Xen/tests/plots/svg/xen_null_nonoise.svg' on input line 613.


! Package svg Error: File `xen_null_nonoise_svg-tex.pdf' is missing.

See the svg package documentation for explanation.
Type  H <return>  for immediate help.
 ...                                              
                                                  
l.613 ...Xen/tests/plots/svg/xen_null_nonoise.svg}
                                                  
Did you run the export with Inkscape? There's no file
`./svg-inkscape/xen_null_nonoise_svg-tex.pdf'
although `../Xen/tests/plots/svg/xen_null_nonoise.svg' was found.


! Package svg Error: File `xen_null_nonoise_svg-tex.pdf_tex' is missing.

See the svg package documentation for explanation.
Type  H <return>  for immediate help.
 ...                                              
                                                  
l.613 ...Xen/tests/plots/svg/xen_null_nonoise.svg}
                                                  
Did you run the export with Inkscape? There's no file
`./svg-inkscape/xen_null_nonoise_svg-tex.pdf_tex'
although `../Xen/tests/plots/svg/xen_null_nonoise.svg' was found.

[23]

Package svg Warning: You didn't enable `shell escape' (or `write18')
(svg)                so it wasn't possible to launch the Inkscape export
(svg)                for `../Xen/tests/plots/svg/Xen_baseline_performance_null_boxplot.svg' on input line 820.


! Package svg Error: File `Xen_baseline_performance_null_boxplot_svg-tex.pdf' is missing.

See the svg package documentation for explanation.
Type  H <return>  for immediate help.
 ...                                              
                                                  
l.820 ...en_baseline_performance_null_boxplot.svg}
                                                  
Did you run the export with Inkscape? There's no file
`./svg-inkscape/Xen_baseline_performance_null_boxplot_svg-tex.pdf'
although `../Xen/tests/plots/svg/Xen_baseline_performance_null_boxplot.svg' was found.


! Package svg Error: File `Xen_baseline_performance_null_boxplot_svg-tex.pdf_tex' is missing.

See the svg package documentation for explanation.
Type  H <return>  for immediate help.
 ...                                              
                                                  
l.820 ...en_baseline_performance_null_boxplot.svg}
                                                  
Did you run the export with Inkscape? There's no file
`./svg-inkscape/Xen_baseline_performance_null_boxplot_svg-tex.pdf_tex'
although `../Xen/tests/plots/svg/Xen_baseline_performance_null_boxplot.svg' was found.


Overfull \hbox (1.34085pt too wide) in paragraph at lines 828--835
\T1/lmr/m/n/10 (-20) the Xen hy-per-vi-sor is con-fig-ured with static vCPU pinning---
 []


Package svg Warning: You didn't enable `shell escape' (or `write18')
(svg)                so it wasn't possible to launch the Inkscape export
(svg)                for `../Xen/tests/plots/svg/xen_null_backgroundnoise.svg' on input line 873.


! Package svg Error: File `xen_null_backgroundnoise_svg-tex.pdf' is missing.

See the svg package documentation for explanation.
Type  H <return>  for immediate help.
 ...                                              
                                                  
l.873 ...s/plots/svg/xen_null_backgroundnoise.svg}
                                                  
Did you run the export with Inkscape? There's no file
`./svg-inkscape/xen_null_backgroundnoise_svg-tex.pdf'
although `../Xen/tests/plots/svg/xen_null_backgroundnoise.svg' was found.


! Package svg Error: File `xen_null_backgroundnoise_svg-tex.pdf_tex' is missing.

See the svg package documentation for explanation.
Type  H <return>  for immediate help.
 ...                                              
                                                  
l.873 ...s/plots/svg/xen_null_backgroundnoise.svg}
                                                  
Did you run the export with Inkscape? There's no file
`./svg-inkscape/xen_null_backgroundnoise_svg-tex.pdf_tex'
although `../Xen/tests/plots/svg/xen_null_backgroundnoise.svg' was found.

[24]
Underfull \vbox (badness 3428) has occurred while \output is active []


Underfull \vbox (badness 10000) has occurred while \output is active []

 [25]

Package svg Warning: You didn't enable `shell escape' (or `write18')
(svg)                so it wasn't possible to launch the Inkscape export
(svg)                for `../Xen/tests/plots/svg/Xen_under_Stress_performance_null_boxplot.svg' on input line 1056.


! Package svg Error: File `Xen_under_Stress_performance_null_boxplot_svg-tex.pdf' is missing.

See the svg package documentation for explanation.
Type  H <return>  for immediate help.
 ...                                              
                                                  
l.1056 ...der_Stress_performance_null_boxplot.svg}
                                                  
Did you run the export with Inkscape? There's no file
`./svg-inkscape/Xen_under_Stress_performance_null_boxplot_svg-tex.pdf'
although `../Xen/tests/plots/svg/Xen_under_Stress_performance_null_boxplot.svg' was found.


! Package svg Error: File `Xen_under_Stress_performance_null_boxplot_svg-tex.pdf_tex' is missing.

See the svg package documentation for explanation.
Type  H <return>  for immediate help.
 ...                                              
                                                  
l.1056 ...der_Stress_performance_null_boxplot.svg}
                                                  
Did you run the export with Inkscape? There's no file
`./svg-inkscape/Xen_under_Stress_performance_null_boxplot_svg-tex.pdf_tex'
although `../Xen/tests/plots/svg/Xen_under_Stress_performance_null_boxplot.svg' was found.


Underfull \hbox (badness 3323) in paragraph at lines 1117--1119
 \T1/lmr/m/it/10 (+20) 1) NRT NRT: [][] \T1/lmr/bx/n/10 (+20) PER-CENT-AGE IN-CRE-MENTS
 []


Underfull \hbox (badness 10000) in paragraph at lines 1136--1138
 \T1/lmr/m/it/10 (+20) 2) NRT RT: [][] \T1/lmr/bx/n/10 (+20) PER-CENT-AGE IN-CRE-MENTS
 []


Underfull \hbox (badness 3323) in paragraph at lines 1193--1195
 \T1/lmr/m/it/10 (+20) 5) NRT NRT: [][] \T1/lmr/bx/n/10 (+20) PER-CENT-AGE IN-CRE-MENTS
 []


Underfull \hbox (badness 10000) in paragraph at lines 1211--1213
 \T1/lmr/m/it/10 (+20) 6) NRT RT: [][] \T1/lmr/bx/n/10 (+20) PER-CENT-AGE IN-CRE-MENTS
 []

[26] [27]

Package svg Warning: You didn't enable `shell escape' (or `write18')
(svg)                so it wasn't possible to launch the Inkscape export
(svg)                for `../Xen/tests/plots/svg/xen_null_backgroundnoise_maxprioqemu.svg' on input line 1305.


! Package svg Error: File `xen_null_backgroundnoise_maxprioqemu_svg-tex.pdf' is missing.

See the svg package documentation for explanation.
Type  H <return>  for immediate help.
 ...                                              
                                                  
l.1305 ...en_null_backgroundnoise_maxprioqemu.svg}
                                                  
Did you run the export with Inkscape? There's no file
`./svg-inkscape/xen_null_backgroundnoise_maxprioqemu_svg-tex.pdf'
although `../Xen/tests/plots/svg/xen_null_backgroundnoise_maxprioqemu.svg' was found.


! Package svg Error: File `xen_null_backgroundnoise_maxprioqemu_svg-tex.pdf_tex' is missing.

See the svg package documentation for explanation.
Type  H <return>  for immediate help.
 ...                                              
                                                  
l.1305 ...en_null_backgroundnoise_maxprioqemu.svg}
                                                  
Did you run the export with Inkscape? There's no file
`./svg-inkscape/xen_null_backgroundnoise_maxprioqemu_svg-tex.pdf_tex'
although `../Xen/tests/plots/svg/xen_null_backgroundnoise_maxprioqemu.svg' was found.


Package svg Warning: You didn't enable `shell escape' (or `write18')
(svg)                so it wasn't possible to launch the Inkscape export
(svg)                for `../Xen/tests/plots/svg/Xen_under_Stress_MaxPrioQuemu_performance_null_boxplot.svg' on input line 1311.


! Package svg Error: File `Xen_under_Stress_MaxPrioQuemu_performance_null_boxplot_svg-tex.pdf' is missing.

See the svg package documentation for explanation.
Type  H <return>  for immediate help.
 ...                                              
                                                  
l.1311 ...xPrioQuemu_performance_null_boxplot.svg}
                                                  
Did you run the export with Inkscape? There's no file
`./svg-inkscape/Xen_under_Stress_MaxPrioQuemu_performance_null_boxplot_svg-tex.pdf'
although `../Xen/tests/plots/svg/Xen_under_Stress_MaxPrioQuemu_performance_null_boxplot.svg' was found.


! Package svg Error: File `Xen_under_Stress_MaxPrioQuemu_performance_null_boxplot_svg-tex.pdf_tex' is missing.

See the svg package documentation for explanation.
Type  H <return>  for immediate help.
 ...                                              
                                                  
l.1311 ...xPrioQuemu_performance_null_boxplot.svg}
                                                  
Did you run the export with Inkscape? There's no file
`./svg-inkscape/Xen_under_Stress_MaxPrioQuemu_performance_null_boxplot_svg-tex.pdf_tex'
although `../Xen/tests/plots/svg/Xen_under_Stress_MaxPrioQuemu_performance_null_boxplot.svg' was found.


Package svg Warning: You didn't enable `shell escape' (or `write18')
(svg)                so it wasn't possible to launch the Inkscape export
(svg)                for `../Xen/tests/plots/svg/xen_backgroundnoise_maxprioqemu.svg' on input line 1354.


! Package svg Error: File `xen_backgroundnoise_maxprioqemu_svg-tex.pdf' is missing.

See the svg package documentation for explanation.
Type  H <return>  for immediate help.
 ...                                              
                                                  
l.1354 ...svg/xen_backgroundnoise_maxprioqemu.svg}
                                                  
Did you run the export with Inkscape? There's no file
`./svg-inkscape/xen_backgroundnoise_maxprioqemu_svg-tex.pdf'
although `../Xen/tests/plots/svg/xen_backgroundnoise_maxprioqemu.svg' was found.


! Package svg Error: File `xen_backgroundnoise_maxprioqemu_svg-tex.pdf_tex' is missing.

See the svg package documentation for explanation.
Type  H <return>  for immediate help.
 ...                                              
                                                  
l.1354 ...svg/xen_backgroundnoise_maxprioqemu.svg}
                                                  
Did you run the export with Inkscape? There's no file
`./svg-inkscape/xen_backgroundnoise_maxprioqemu_svg-tex.pdf_tex'
although `../Xen/tests/plots/svg/xen_backgroundnoise_maxprioqemu.svg' was found.


Package svg Warning: You didn't enable `shell escape' (or `write18')
(svg)                so it wasn't possible to launch the Inkscape export
(svg)                for `../Xen/tests/plots/svg/Xen_under_Stress_MaxPrioQuemu_performance_credit2_boxplot.svg' on input line 1361.


! Package svg Error: File `Xen_under_Stress_MaxPrioQuemu_performance_credit2_boxplot_svg-tex.pdf' is missing.

See the svg package documentation for explanation.
Type  H <return>  for immediate help.
 ...                                              
                                                  
l.1361 ...ioQuemu_performance_credit2_boxplot.svg}
                                                  
Did you run the export with Inkscape? There's no file
`./svg-inkscape/Xen_under_Stress_MaxPrioQuemu_performance_credit2_boxplot_svg-tex.pdf'
although `../Xen/tests/plots/svg/Xen_under_Stress_MaxPrioQuemu_performance_credit2_boxplot.svg' was found.


! Package svg Error: File `Xen_under_Stress_MaxPrioQuemu_performance_credit2_boxplot_svg-tex.pdf_tex' is missing.

See the svg package documentation for explanation.
Type  H <return>  for immediate help.
 ...                                              
                                                  
l.1361 ...ioQuemu_performance_credit2_boxplot.svg}
                                                  
Did you run the export with Inkscape? There's no file
`./svg-inkscape/Xen_under_Stress_MaxPrioQuemu_performance_credit2_boxplot_svg-tex.pdf_tex'
although `../Xen/tests/plots/svg/Xen_under_Stress_MaxPrioQuemu_performance_credit2_boxplot.svg' was found.


Underfull \hbox (badness 10000) in paragraph at lines 1385--1388
[]\T1/lmr/bx/n/10 (+20) Dom0 Ker-nel\T1/lmr/m/n/10 (+20) : stan-dard (``NRT'') vs. low-
 []

[28]
Underfull \hbox (badness 10000) in paragraph at lines 1408--1413
\T1/lmtt/m/n/10 --cpu 22\T1/lmr/m/n/10 (+20) , \T1/lmtt/m/n/10 stress-ng --vm 12 --vm-bytes 2G\T1/lmr/m/n/10 (+20) ),
 []


Package svg Warning: You didn't enable `shell escape' (or `write18')
(svg)                so it wasn't possible to launch the Inkscape export
(svg)                for `../Xen/tests_various_stessors/plots/stressor_LL_pinned_guest_NRT_pinned_HVM_boxplot.svg' on input line 1536.


! Package svg Error: File `stressor_LL_pinned_guest_NRT_pinned_HVM_boxplot_svg-tex.pdf' is missing.

See the svg package documentation for explanation.
Type  H <return>  for immediate help.
 ...                                              
                                                  
l.1536 ...pinned_guest_NRT_pinned_HVM_boxplot.svg}
                                                  
Did you run the export with Inkscape? There's no file
`./svg-inkscape/stressor_LL_pinned_guest_NRT_pinned_HVM_boxplot_svg-tex.pdf'
although `../Xen/tests_various_stessors/plots/stressor_LL_pinned_guest_NRT_pinned_HVM_boxplot.svg' was found.


! Package svg Error: File `stressor_LL_pinned_guest_NRT_pinned_HVM_boxplot_svg-tex.pdf_tex' is missing.

See the svg package documentation for explanation.
Type  H <return>  for immediate help.
 ...                                              
                                                  
l.1536 ...pinned_guest_NRT_pinned_HVM_boxplot.svg}
                                                  
Did you run the export with Inkscape? There's no file
`./svg-inkscape/stressor_LL_pinned_guest_NRT_pinned_HVM_boxplot_svg-tex.pdf_tex'
although `../Xen/tests_various_stessors/plots/stressor_LL_pinned_guest_NRT_pinned_HVM_boxplot.svg' was found.


Package svg Warning: You didn't enable `shell escape' (or `write18')
(svg)                so it wasn't possible to launch the Inkscape export
(svg)                for `../Xen/tests_various_stessors/plots/stressor_NRT_pinned_guest_nrt_pinned_HVM_boxplot.svg' on input line 1542.


! Package svg Error: File `stressor_NRT_pinned_guest_nrt_pinned_HVM_boxplot_svg-tex.pdf' is missing.

See the svg package documentation for explanation.
Type  H <return>  for immediate help.
 ...                                              
                                                  
l.1542 ...pinned_guest_nrt_pinned_HVM_boxplot.svg}
                                                  
Did you run the export with Inkscape? There's no file
`./svg-inkscape/stressor_NRT_pinned_guest_nrt_pinned_HVM_boxplot_svg-tex.pdf'
although `../Xen/tests_various_stessors/plots/stressor_NRT_pinned_guest_nrt_pinned_HVM_boxplot.svg' was found.


! Package svg Error: File `stressor_NRT_pinned_guest_nrt_pinned_HVM_boxplot_svg-tex.pdf_tex' is missing.

See the svg package documentation for explanation.
Type  H <return>  for immediate help.
 ...                                              
                                                  
l.1542 ...pinned_guest_nrt_pinned_HVM_boxplot.svg}
                                                  
Did you run the export with Inkscape? There's no file
`./svg-inkscape/stressor_NRT_pinned_guest_nrt_pinned_HVM_boxplot_svg-tex.pdf_tex'
although `../Xen/tests_various_stessors/plots/stressor_NRT_pinned_guest_nrt_pinned_HVM_boxplot.svg' was found.


Package svg Warning: You didn't enable `shell escape' (or `write18')
(svg)                so it wasn't possible to launch the Inkscape export
(svg)                for `../Xen/tests_various_stessors/plots/stressor_LL_pinned_guest_rt5_pinned_HVM_boxplot.svg' on input line 1548.


! Package svg Error: File `stressor_LL_pinned_guest_rt5_pinned_HVM_boxplot_svg-tex.pdf' is missing.

See the svg package documentation for explanation.
Type  H <return>  for immediate help.
 ...                                              
                                                  
l.1548 ...pinned_guest_rt5_pinned_HVM_boxplot.svg}
                                                  
Did you run the export with Inkscape? There's no file
`./svg-inkscape/stressor_LL_pinned_guest_rt5_pinned_HVM_boxplot_svg-tex.pdf'
although `../Xen/tests_various_stessors/plots/stressor_LL_pinned_guest_rt5_pinned_HVM_boxplot.svg' was found.


! Package svg Error: File `stressor_LL_pinned_guest_rt5_pinned_HVM_boxplot_svg-tex.pdf_tex' is missing.

See the svg package documentation for explanation.
Type  H <return>  for immediate help.
 ...                                              
                                                  
l.1548 ...pinned_guest_rt5_pinned_HVM_boxplot.svg}
                                                  
Did you run the export with Inkscape? There's no file
`./svg-inkscape/stressor_LL_pinned_guest_rt5_pinned_HVM_boxplot_svg-tex.pdf_tex'
although `../Xen/tests_various_stessors/plots/stressor_LL_pinned_guest_rt5_pinned_HVM_boxplot.svg' was found.


Package svg Warning: You didn't enable `shell escape' (or `write18')
(svg)                so it wasn't possible to launch the Inkscape export
(svg)                for `../Xen/tests_various_stessors/plots/stressor_NRT_pinned_guest_rt5_pinned_HVM_boxplot.svg' on input line 1554.


! Package svg Error: File `stressor_NRT_pinned_guest_rt5_pinned_HVM_boxplot_svg-tex.pdf' is missing.

See the svg package documentation for explanation.
Type  H <return>  for immediate help.
 ...                                              
                                                  
l.1554 ...pinned_guest_rt5_pinned_HVM_boxplot.svg}
                                                  
Did you run the export with Inkscape? There's no file
`./svg-inkscape/stressor_NRT_pinned_guest_rt5_pinned_HVM_boxplot_svg-tex.pdf'
although `../Xen/tests_various_stessors/plots/stressor_NRT_pinned_guest_rt5_pinned_HVM_boxplot.svg' was found.


! Package svg Error: File `stressor_NRT_pinned_guest_rt5_pinned_HVM_boxplot_svg-tex.pdf_tex' is missing.

See the svg package documentation for explanation.
Type  H <return>  for immediate help.
 ...                                              
                                                  
l.1554 ...pinned_guest_rt5_pinned_HVM_boxplot.svg}
                                                  
Did you run the export with Inkscape? There's no file
`./svg-inkscape/stressor_NRT_pinned_guest_rt5_pinned_HVM_boxplot_svg-tex.pdf_tex'
although `../Xen/tests_various_stessors/plots/stressor_NRT_pinned_guest_rt5_pinned_HVM_boxplot.svg' was found.


Package svg Warning: You didn't enable `shell escape' (or `write18')
(svg)                so it wasn't possible to launch the Inkscape export
(svg)                for `../Xen/tests_various_stessors/plots/stressor_NRT_guest_NRT_HVM_boxplot.svg' on input line 1576.


! Package svg Error: File `stressor_NRT_guest_NRT_HVM_boxplot_svg-tex.pdf' is missing.

See the svg package documentation for explanation.
Type  H <return>  for immediate help.
 ...                                              
                                                  
l.1576 .../stressor_NRT_guest_NRT_HVM_boxplot.svg}
                                                  
Did you run the export with Inkscape? There's no file
`./svg-inkscape/stressor_NRT_guest_NRT_HVM_boxplot_svg-tex.pdf'
although `../Xen/tests_various_stessors/plots/stressor_NRT_guest_NRT_HVM_boxplot.svg' was found.


! Package svg Error: File `stressor_NRT_guest_NRT_HVM_boxplot_svg-tex.pdf_tex' is missing.

See the svg package documentation for explanation.
Type  H <return>  for immediate help.
 ...                                              
                                                  
l.1576 .../stressor_NRT_guest_NRT_HVM_boxplot.svg}
                                                  
Did you run the export with Inkscape? There's no file
`./svg-inkscape/stressor_NRT_guest_NRT_HVM_boxplot_svg-tex.pdf_tex'
although `../Xen/tests_various_stessors/plots/stressor_NRT_guest_NRT_HVM_boxplot.svg' was found.


Package svg Warning: You didn't enable `shell escape' (or `write18')
(svg)                so it wasn't possible to launch the Inkscape export
(svg)                for `../Xen/tests_various_stessors/plots/stressor_LL_NRT_boxplot.svg' on input line 1582.


! Package svg Error: File `stressor_LL_NRT_boxplot_svg-tex.pdf' is missing.

See the svg package documentation for explanation.
Type  H <return>  for immediate help.
 ...                                              
                                                  
l.1582 ...ssors/plots/stressor_LL_NRT_boxplot.svg}
                                                  
Did you run the export with Inkscape? There's no file
`./svg-inkscape/stressor_LL_NRT_boxplot_svg-tex.pdf'
although `../Xen/tests_various_stessors/plots/stressor_LL_NRT_boxplot.svg' was found.


! Package svg Error: File `stressor_LL_NRT_boxplot_svg-tex.pdf_tex' is missing.

See the svg package documentation for explanation.
Type  H <return>  for immediate help.
 ...                                              
                                                  
l.1582 ...ssors/plots/stressor_LL_NRT_boxplot.svg}
                                                  
Did you run the export with Inkscape? There's no file
`./svg-inkscape/stressor_LL_NRT_boxplot_svg-tex.pdf_tex'
although `../Xen/tests_various_stessors/plots/stressor_LL_NRT_boxplot.svg' was found.


Package svg Warning: You didn't enable `shell escape' (or `write18')
(svg)                so it wasn't possible to launch the Inkscape export
(svg)                for `../Xen/tests_various_stessors/plots/stressor_LL_rt5_boxplot.svg' on input line 1598.


! Package svg Error: File `stressor_LL_rt5_boxplot_svg-tex.pdf' is missing.

See the svg package documentation for explanation.
Type  H <return>  for immediate help.
 ...                                              
                                                  
l.1598 ...ssors/plots/stressor_LL_rt5_boxplot.svg}
                                                  
Did you run the export with Inkscape? There's no file
`./svg-inkscape/stressor_LL_rt5_boxplot_svg-tex.pdf'
although `../Xen/tests_various_stessors/plots/stressor_LL_rt5_boxplot.svg' was found.


! Package svg Error: File `stressor_LL_rt5_boxplot_svg-tex.pdf_tex' is missing.

See the svg package documentation for explanation.
Type  H <return>  for immediate help.
 ...                                              
                                                  
l.1598 ...ssors/plots/stressor_LL_rt5_boxplot.svg}
                                                  
Did you run the export with Inkscape? There's no file
`./svg-inkscape/stressor_LL_rt5_boxplot_svg-tex.pdf_tex'
although `../Xen/tests_various_stessors/plots/stressor_LL_rt5_boxplot.svg' was found.


Package svg Warning: You didn't enable `shell escape' (or `write18')
(svg)                so it wasn't possible to launch the Inkscape export
(svg)                for `../Xen/tests_various_stessors/plots/stressor_NRT_guest_rt5_HVM_boxplot.svg' on input line 1604.


! Package svg Error: File `stressor_NRT_guest_rt5_HVM_boxplot_svg-tex.pdf' is missing.

See the svg package documentation for explanation.
Type  H <return>  for immediate help.
 ...                                              
                                                  
l.1604 .../stressor_NRT_guest_rt5_HVM_boxplot.svg}
                                                  
Did you run the export with Inkscape? There's no file
`./svg-inkscape/stressor_NRT_guest_rt5_HVM_boxplot_svg-tex.pdf'
although `../Xen/tests_various_stessors/plots/stressor_NRT_guest_rt5_HVM_boxplot.svg' was found.


! Package svg Error: File `stressor_NRT_guest_rt5_HVM_boxplot_svg-tex.pdf_tex' is missing.

See the svg package documentation for explanation.
Type  H <return>  for immediate help.
 ...                                              
                                                  
l.1604 .../stressor_NRT_guest_rt5_HVM_boxplot.svg}
                                                  
Did you run the export with Inkscape? There's no file
`./svg-inkscape/stressor_NRT_guest_rt5_HVM_boxplot_svg-tex.pdf_tex'
although `../Xen/tests_various_stessors/plots/stressor_NRT_guest_rt5_HVM_boxplot.svg' was found.

[29]
Underfull \vbox (badness 10000) has occurred while \output is active []

 [30]
Underfull \hbox (badness 3965) in paragraph at lines 1761--1764
[]\T1/lmr/m/n/10 (+20) The en-tire flow is or-ches-trated by a bash script
 []

[31]

Package svg Warning: You didn't enable `shell escape' (or `write18')
(svg)                so it wasn't possible to launch the Inkscape export
(svg)                for `../Xen/tests_noisy_domu/plots/4vcpu_hvm_boxplot.svg' on input line 1875.


! Package svg Error: File `4vcpu_hvm_boxplot_svg-tex.pdf' is missing.

See the svg package documentation for explanation.
Type  H <return>  for immediate help.
 ...                                              
                                                  
l.1875 ..._noisy_domu/plots/4vcpu_hvm_boxplot.svg}
                                                  
Did you run the export with Inkscape? There's no file
`./svg-inkscape/4vcpu_hvm_boxplot_svg-tex.pdf'
although `../Xen/tests_noisy_domu/plots/4vcpu_hvm_boxplot.svg' was found.


! Package svg Error: File `4vcpu_hvm_boxplot_svg-tex.pdf_tex' is missing.

See the svg package documentation for explanation.
Type  H <return>  for immediate help.
 ...                                              
                                                  
l.1875 ..._noisy_domu/plots/4vcpu_hvm_boxplot.svg}
                                                  
Did you run the export with Inkscape? There's no file
`./svg-inkscape/4vcpu_hvm_boxplot_svg-tex.pdf_tex'
although `../Xen/tests_noisy_domu/plots/4vcpu_hvm_boxplot.svg' was found.


Package svg Warning: You didn't enable `shell escape' (or `write18')
(svg)                so it wasn't possible to launch the Inkscape export
(svg)                for `../Xen/tests_noisy_domu/plots/4vcpu_hvm_pinned_boxplot.svg' on input line 1881.


! Package svg Error: File `4vcpu_hvm_pinned_boxplot_svg-tex.pdf' is missing.

See the svg package documentation for explanation.
Type  H <return>  for immediate help.
 ...                                              
                                                  
l.1881 ...domu/plots/4vcpu_hvm_pinned_boxplot.svg}
                                                  
Did you run the export with Inkscape? There's no file
`./svg-inkscape/4vcpu_hvm_pinned_boxplot_svg-tex.pdf'
although `../Xen/tests_noisy_domu/plots/4vcpu_hvm_pinned_boxplot.svg' was found.


! Package svg Error: File `4vcpu_hvm_pinned_boxplot_svg-tex.pdf_tex' is missing.

See the svg package documentation for explanation.
Type  H <return>  for immediate help.
 ...                                              
                                                  
l.1881 ...domu/plots/4vcpu_hvm_pinned_boxplot.svg}
                                                  
Did you run the export with Inkscape? There's no file
`./svg-inkscape/4vcpu_hvm_pinned_boxplot_svg-tex.pdf_tex'
although `../Xen/tests_noisy_domu/plots/4vcpu_hvm_pinned_boxplot.svg' was found.

[32] [33]
Underfull \hbox (badness 7047) in paragraph at lines 2153--2162
\T1/lmr/m/n/10 (+20) strates a stan-dard, uniso-lated en-vi-ron-ment where
 []

[34] [35]

Package hyperref Warning: Token not allowed in a PDF string (Unicode):
(hyperref)                removing `math shift' on input line 2473.


Package hyperref Warning: Token not allowed in a PDF string (Unicode):
(hyperref)                removing `\mu' on input line 2473.


Package hyperref Warning: Token not allowed in a PDF string (Unicode):
(hyperref)                removing `math shift' on input line 2473.


Package svg Warning: You didn't enable `shell escape' (or `write18')
(svg)                so it wasn't possible to launch the Inkscape export
(svg)                for `../Xen/tests_TACLe/plots/Xen_TACLe_debie_boxplot.svg' on input line 2530.


! Package svg Error: File `Xen_TACLe_debie_boxplot_svg-tex.pdf' is missing.

See the svg package documentation for explanation.
Type  H <return>  for immediate help.
 ...                                              
                                                  
l.2530 ...TACLe/plots/Xen_TACLe_debie_boxplot.svg}
                                                  
Did you run the export with Inkscape? There's no file
`./svg-inkscape/Xen_TACLe_debie_boxplot_svg-tex.pdf'
although `../Xen/tests_TACLe/plots/Xen_TACLe_debie_boxplot.svg' was found.


! Package svg Error: File `Xen_TACLe_debie_boxplot_svg-tex.pdf_tex' is missing.

See the svg package documentation for explanation.
Type  H <return>  for immediate help.
 ...                                              
                                                  
l.2530 ...TACLe/plots/Xen_TACLe_debie_boxplot.svg}
                                                  
Did you run the export with Inkscape? There's no file
`./svg-inkscape/Xen_TACLe_debie_boxplot_svg-tex.pdf_tex'
although `../Xen/tests_TACLe/plots/Xen_TACLe_debie_boxplot.svg' was found.


Underfull \hbox (badness 5189) in paragraph at lines 2549--2550
 \T1/lmr/m/it/10 (+20) b) HUF-FENC: [][] \T1/lmr/bx/n/10 (+20) PER-CENT-AGE IN-CRE-MENTS
 []


Package svg Warning: You didn't enable `shell escape' (or `write18')
(svg)                so it wasn't possible to launch the Inkscape export
(svg)                for `../Xen/tests_TACLe/plots_nanosec/svg/xen_TACLe_huffenc_boxplot.svg' on input line 2560.


! Package svg Error: File `xen_TACLe_huffenc_boxplot_svg-tex.pdf' is missing.

See the svg package documentation for explanation.
Type  H <return>  for immediate help.
 ...                                              
                                                  
l.2560 ...nosec/svg/xen_TACLe_huffenc_boxplot.svg}
                                                  
Did you run the export with Inkscape? There's no file
`./svg-inkscape/xen_TACLe_huffenc_boxplot_svg-tex.pdf'
although `../Xen/tests_TACLe/plots_nanosec/svg/xen_TACLe_huffenc_boxplot.svg' was found.


! Package svg Error: File `xen_TACLe_huffenc_boxplot_svg-tex.pdf_tex' is missing.

See the svg package documentation for explanation.
Type  H <return>  for immediate help.
 ...                                              
                                                  
l.2560 ...nosec/svg/xen_TACLe_huffenc_boxplot.svg}
                                                  
Did you run the export with Inkscape? There's no file
`./svg-inkscape/xen_TACLe_huffenc_boxplot_svg-tex.pdf_tex'
although `../Xen/tests_TACLe/plots_nanosec/svg/xen_TACLe_huffenc_boxplot.svg' was found.


Package svg Warning: You didn't enable `shell escape' (or `write18')
(svg)                so it wasn't possible to launch the Inkscape export
(svg)                for `../Xen/tests_TACLe/plots_nanosec/svg/xen_TACLe_lift_boxplot.svg' on input line 2590.


! Package svg Error: File `xen_TACLe_lift_boxplot_svg-tex.pdf' is missing.

See the svg package documentation for explanation.
Type  H <return>  for immediate help.
 ...                                              
                                                  
l.2590 ..._nanosec/svg/xen_TACLe_lift_boxplot.svg}
                                                  
Did you run the export with Inkscape? There's no file
`./svg-inkscape/xen_TACLe_lift_boxplot_svg-tex.pdf'
although `../Xen/tests_TACLe/plots_nanosec/svg/xen_TACLe_lift_boxplot.svg' was found.


! Package svg Error: File `xen_TACLe_lift_boxplot_svg-tex.pdf_tex' is missing.

See the svg package documentation for explanation.
Type  H <return>  for immediate help.
 ...                                              
                                                  
l.2590 ..._nanosec/svg/xen_TACLe_lift_boxplot.svg}
                                                  
Did you run the export with Inkscape? There's no file
`./svg-inkscape/xen_TACLe_lift_boxplot_svg-tex.pdf_tex'
although `../Xen/tests_TACLe/plots_nanosec/svg/xen_TACLe_lift_boxplot.svg' was found.


Underfull \hbox (badness 10000) in paragraph at lines 2609--2610
 \T1/lmr/m/it/10 (+20) d) MA-TRIX1: [][] \T1/lmr/bx/n/10 (+20) PER-CENT-AGE IN-CRE-MENTS
 []

[36] [37]

Package svg Warning: You didn't enable `shell escape' (or `write18')
(svg)                so it wasn't possible to launch the Inkscape export
(svg)                for `../Xen/tests_TACLe/plots_nanosec/svg/xen_TACLe_matrix1_boxplot.svg' on input line 2620.


! Package svg Error: File `xen_TACLe_matrix1_boxplot_svg-tex.pdf' is missing.

See the svg package documentation for explanation.
Type  H <return>  for immediate help.
 ...                                              
                                                  
l.2620 ...nosec/svg/xen_TACLe_matrix1_boxplot.svg}
                                                  
Did you run the export with Inkscape? There's no file
`./svg-inkscape/xen_TACLe_matrix1_boxplot_svg-tex.pdf'
although `../Xen/tests_TACLe/plots_nanosec/svg/xen_TACLe_matrix1_boxplot.svg' was found.


! Package svg Error: File `xen_TACLe_matrix1_boxplot_svg-tex.pdf_tex' is missing.

See the svg package documentation for explanation.
Type  H <return>  for immediate help.
 ...                                              
                                                  
l.2620 ...nosec/svg/xen_TACLe_matrix1_boxplot.svg}
                                                  
Did you run the export with Inkscape? There's no file
`./svg-inkscape/xen_TACLe_matrix1_boxplot_svg-tex.pdf_tex'
although `../Xen/tests_TACLe/plots_nanosec/svg/xen_TACLe_matrix1_boxplot.svg' was found.


Package svg Warning: You didn't enable `shell escape' (or `write18')
(svg)                so it wasn't possible to launch the Inkscape export
(svg)                for `../Xen/tests_TACLe/plots/Xen_TACLe_test3_boxplot.svg' on input line 2650.


! Package svg Error: File `Xen_TACLe_test3_boxplot_svg-tex.pdf' is missing.

See the svg package documentation for explanation.
Type  H <return>  for immediate help.
 ...                                              
                                                  
l.2650 ...TACLe/plots/Xen_TACLe_test3_boxplot.svg}
                                                  
Did you run the export with Inkscape? There's no file
`./svg-inkscape/Xen_TACLe_test3_boxplot_svg-tex.pdf'
although `../Xen/tests_TACLe/plots/Xen_TACLe_test3_boxplot.svg' was found.


! Package svg Error: File `Xen_TACLe_test3_boxplot_svg-tex.pdf_tex' is missing.

See the svg package documentation for explanation.
Type  H <return>  for immediate help.
 ...                                              
                                                  
l.2650 ...TACLe/plots/Xen_TACLe_test3_boxplot.svg}
                                                  
Did you run the export with Inkscape? There's no file
`./svg-inkscape/Xen_TACLe_test3_boxplot_svg-tex.pdf_tex'
although `../Xen/tests_TACLe/plots/Xen_TACLe_test3_boxplot.svg' was found.

<../Xen/tests_tacle_dom0_stress/plots/latency_delta_chart.png, id=579, 578.16pt x 303.534pt>
File: ../Xen/tests_tacle_dom0_stress/plots/latency_delta_chart.png Graphic file (type png)
<use ../Xen/tests_tacle_dom0_stress/plots/latency_delta_chart.png>
Package pdftex.def Info: ../Xen/tests_tacle_dom0_stress/plots/latency_delta_chart.png  used on input line 2736.
(pdftex.def)             Requested size: 252.00041pt x 132.30022pt.

Package svg Warning: You didn't enable `shell escape' (or `write18')
(svg)                so it wasn't possible to launch the Inkscape export
(svg)                for `../Xen/tests_tacle_dom0_stress/plots/stressor_TACLe_debie_boxplot.svg' on input line 2794.


! Package svg Error: File `stressor_TACLe_debie_boxplot_svg-tex.pdf' is missing.

See the svg package documentation for explanation.
Type  H <return>  for immediate help.
 ...                                              
                                                  
l.2794 .../plots/stressor_TACLe_debie_boxplot.svg}
                                                  
Did you run the export with Inkscape? There's no file
`./svg-inkscape/stressor_TACLe_debie_boxplot_svg-tex.pdf'
although `../Xen/tests_tacle_dom0_stress/plots/stressor_TACLe_debie_boxplot.svg' was found.


! Package svg Error: File `stressor_TACLe_debie_boxplot_svg-tex.pdf_tex' is missing.

See the svg package documentation for explanation.
Type  H <return>  for immediate help.
 ...                                              
                                                  
l.2794 .../plots/stressor_TACLe_debie_boxplot.svg}
                                                  
Did you run the export with Inkscape? There's no file
`./svg-inkscape/stressor_TACLe_debie_boxplot_svg-tex.pdf_tex'
although `../Xen/tests_tacle_dom0_stress/plots/stressor_TACLe_debie_boxplot.svg' was found.


Package svg Warning: You didn't enable `shell escape' (or `write18')
(svg)                so it wasn't possible to launch the Inkscape export
(svg)                for `../Xen/tests_tacle_dom0_stress/plots/stressor_TACLe_matrix1_boxplot.svg' on input line 2800.


! Package svg Error: File `stressor_TACLe_matrix1_boxplot_svg-tex.pdf' is missing.

See the svg package documentation for explanation.
Type  H <return>  for immediate help.
 ...                                              
                                                  
l.2800 ...lots/stressor_TACLe_matrix1_boxplot.svg}
                                                  
Did you run the export with Inkscape? There's no file
`./svg-inkscape/stressor_TACLe_matrix1_boxplot_svg-tex.pdf'
although `../Xen/tests_tacle_dom0_stress/plots/stressor_TACLe_matrix1_boxplot.svg' was found.


! Package svg Error: File `stressor_TACLe_matrix1_boxplot_svg-tex.pdf_tex' is missing.

See the svg package documentation for explanation.
Type  H <return>  for immediate help.
 ...                                              
                                                  
l.2800 ...lots/stressor_TACLe_matrix1_boxplot.svg}
                                                  
Did you run the export with Inkscape? There's no file
`./svg-inkscape/stressor_TACLe_matrix1_boxplot_svg-tex.pdf_tex'
although `../Xen/tests_tacle_dom0_stress/plots/stressor_TACLe_matrix1_boxplot.svg' was found.


Package svg Warning: You didn't enable `shell escape' (or `write18')
(svg)                so it wasn't possible to launch the Inkscape export
(svg)                for `../Xen/tests_tacle_dom0_stress/plots/stressor_TACLe_test3_boxplot.svg' on input line 2806.


! Package svg Error: File `stressor_TACLe_test3_boxplot_svg-tex.pdf' is missing.

See the svg package documentation for explanation.
Type  H <return>  for immediate help.
 ...                                              
                                                  
l.2806 .../plots/stressor_TACLe_test3_boxplot.svg}
                                                  
Did you run the export with Inkscape? There's no file
`./svg-inkscape/stressor_TACLe_test3_boxplot_svg-tex.pdf'
although `../Xen/tests_tacle_dom0_stress/plots/stressor_TACLe_test3_boxplot.svg' was found.


! Package svg Error: File `stressor_TACLe_test3_boxplot_svg-tex.pdf_tex' is missing.

See the svg package documentation for explanation.
Type  H <return>  for immediate help.
 ...                                              
                                                  
l.2806 .../plots/stressor_TACLe_test3_boxplot.svg}
                                                  
Did you run the export with Inkscape? There's no file
`./svg-inkscape/stressor_TACLe_test3_boxplot_svg-tex.pdf_tex'
although `../Xen/tests_tacle_dom0_stress/plots/stressor_TACLe_test3_boxplot.svg' was found.

[38 <../Xen/tests_tacle_dom0_stress/plots/latency_delta_chart.png>]

Package svg Warning: You didn't enable `shell escape' (or `write18')
(svg)                so it wasn't possible to launch the Inkscape export
(svg)                for `../Xen/tests_tacle_dom0_stress/plots/stressor_TACLe_lift_boxplot.svg' on input line 2823.


! Package svg Error: File `stressor_TACLe_lift_boxplot_svg-tex.pdf' is missing.

See the svg package documentation for explanation.
Type  H <return>  for immediate help.
 ...                                              
                                                  
l.2823 ...s/plots/stressor_TACLe_lift_boxplot.svg}
                                                  
Did you run the export with Inkscape? There's no file
`./svg-inkscape/stressor_TACLe_lift_boxplot_svg-tex.pdf'
although `../Xen/tests_tacle_dom0_stress/plots/stressor_TACLe_lift_boxplot.svg' was found.


! Package svg Error: File `stressor_TACLe_lift_boxplot_svg-tex.pdf_tex' is missing.

See the svg package documentation for explanation.
Type  H <return>  for immediate help.
 ...                                              
                                                  
l.2823 ...s/plots/stressor_TACLe_lift_boxplot.svg}
                                                  
Did you run the export with Inkscape? There's no file
`./svg-inkscape/stressor_TACLe_lift_boxplot_svg-tex.pdf_tex'
although `../Xen/tests_tacle_dom0_stress/plots/stressor_TACLe_lift_boxplot.svg' was found.


Package svg Warning: You didn't enable `shell escape' (or `write18')
(svg)                so it wasn't possible to launch the Inkscape export
(svg)                for `../Xen/tests_tacle_dom0_stress/plots/stressor_TACLe_huffenc_boxplot.svg' on input line 2829.


! Package svg Error: File `stressor_TACLe_huffenc_boxplot_svg-tex.pdf' is missing.

See the svg package documentation for explanation.
Type  H <return>  for immediate help.
 ...                                              
                                                  
l.2829 ...lots/stressor_TACLe_huffenc_boxplot.svg}
                                                  
Did you run the export with Inkscape? There's no file
`./svg-inkscape/stressor_TACLe_huffenc_boxplot_svg-tex.pdf'
although `../Xen/tests_tacle_dom0_stress/plots/stressor_TACLe_huffenc_boxplot.svg' was found.


! Package svg Error: File `stressor_TACLe_huffenc_boxplot_svg-tex.pdf_tex' is missing.

See the svg package documentation for explanation.
Type  H <return>  for immediate help.
 ...                                              
                                                  
l.2829 ...lots/stressor_TACLe_huffenc_boxplot.svg}
                                                  
Did you run the export with Inkscape? There's no file
`./svg-inkscape/stressor_TACLe_huffenc_boxplot_svg-tex.pdf_tex'
although `../Xen/tests_tacle_dom0_stress/plots/stressor_TACLe_huffenc_boxplot.svg' was found.


Overfull \hbox (1.04756pt too wide) in paragraph at lines 2856--2872
 \T1/lmr/m/it/10 (-20) 1) RT Ker-nel and PAR-AVIR-TU-AL-IZA-TION: [][] \T1/lmr/m/n/10 (-20) While con-fig-
 []


Underfull \vbox (badness 2460) has occurred while \output is active []

 [39{C:/Users/ritam/AppData/Local/Programs/MiKTeX/fonts/enc/dvips/lm/lm-rm.enc}]

Package svg Warning: You didn't enable `shell escape' (or `write18')
(svg)                so it wasn't possible to launch the Inkscape export
(svg)                for `../Xen/tests_pv_pvh/plots/svg/xen_guesttypecompare_nonoise.svg' on input line 2875.


! Package svg Error: File `xen_guesttypecompare_nonoise_svg-tex.pdf' is missing.

See the svg package documentation for explanation.
Type  H <return>  for immediate help.
 ...                                              
                                                  
l.2875 ...ts/svg/xen_guesttypecompare_nonoise.svg}
                                                  
Did you run the export with Inkscape? There's no file
`./svg-inkscape/xen_guesttypecompare_nonoise_svg-tex.pdf'
although `../Xen/tests_pv_pvh/plots/svg/xen_guesttypecompare_nonoise.svg' was found.


! Package svg Error: File `xen_guesttypecompare_nonoise_svg-tex.pdf_tex' is missing.

See the svg package documentation for explanation.
Type  H <return>  for immediate help.
 ...                                              
                                                  
l.2875 ...ts/svg/xen_guesttypecompare_nonoise.svg}
                                                  
Did you run the export with Inkscape? There's no file
`./svg-inkscape/xen_guesttypecompare_nonoise_svg-tex.pdf_tex'
although `../Xen/tests_pv_pvh/plots/svg/xen_guesttypecompare_nonoise.svg' was found.


Package svg Warning: You didn't enable `shell escape' (or `write18')
(svg)                so it wasn't possible to launch the Inkscape export
(svg)                for `../Xen/tests/plots/svg/Comparing_HVM_PV_PVH_credit2_boxplot.svg' on input line 2977.


! Package svg Error: File `Comparing_HVM_PV_PVH_credit2_boxplot_svg-tex.pdf' is missing.

See the svg package documentation for explanation.
Type  H <return>  for immediate help.
 ...                                              
                                                  
l.2977 ...omparing_HVM_PV_PVH_credit2_boxplot.svg}
                                                  
Did you run the export with Inkscape? There's no file
`./svg-inkscape/Comparing_HVM_PV_PVH_credit2_boxplot_svg-tex.pdf'
although `../Xen/tests/plots/svg/Comparing_HVM_PV_PVH_credit2_boxplot.svg' was found.


! Package svg Error: File `Comparing_HVM_PV_PVH_credit2_boxplot_svg-tex.pdf_tex' is missing.

See the svg package documentation for explanation.
Type  H <return>  for immediate help.
 ...                                              
                                                  
l.2977 ...omparing_HVM_PV_PVH_credit2_boxplot.svg}
                                                  
Did you run the export with Inkscape? There's no file
`./svg-inkscape/Comparing_HVM_PV_PVH_credit2_boxplot_svg-tex.pdf_tex'
although `../Xen/tests/plots/svg/Comparing_HVM_PV_PVH_credit2_boxplot.svg' was found.

[40]

Package svg Warning: You didn't enable `shell escape' (or `write18')
(svg)                so it wasn't possible to launch the Inkscape export
(svg)                for `../Xen/tests_pv_pvh/plots/svg/xen_guesttypecompare_backgroundnoise.svg' on input line 3038.


! Package svg Error: File `xen_guesttypecompare_backgroundnoise_svg-tex.pdf' is missing.

See the svg package documentation for explanation.
Type  H <return>  for immediate help.
 ...                                              
                                                  
l.3038 ...en_guesttypecompare_backgroundnoise.svg}
                                                  
Did you run the export with Inkscape? There's no file
`./svg-inkscape/xen_guesttypecompare_backgroundnoise_svg-tex.pdf'
although `../Xen/tests_pv_pvh/plots/svg/xen_guesttypecompare_backgroundnoise.svg' was found.


! Package svg Error: File `xen_guesttypecompare_backgroundnoise_svg-tex.pdf_tex' is missing.

See the svg package documentation for explanation.
Type  H <return>  for immediate help.
 ...                                              
                                                  
l.3038 ...en_guesttypecompare_backgroundnoise.svg}
                                                  
Did you run the export with Inkscape? There's no file
`./svg-inkscape/xen_guesttypecompare_backgroundnoise_svg-tex.pdf_tex'
although `../Xen/tests_pv_pvh/plots/svg/xen_guesttypecompare_backgroundnoise.svg' was found.

[41]

Package svg Warning: You didn't enable `shell escape' (or `write18')
(svg)                so it wasn't possible to launch the Inkscape export
(svg)                for `../Xen/tests/plots/svg/Comparing_HVM_PV_PVH_stressdom0_credit2_boxplot.svg' on input line 3156.


! Package svg Error: File `Comparing_HVM_PV_PVH_stressdom0_credit2_boxplot_svg-tex.pdf' is missing.

See the svg package documentation for explanation.
Type  H <return>  for immediate help.
 ...                                              
                                                  
l.3156 ...M_PV_PVH_stressdom0_credit2_boxplot.svg}
                                                  
Did you run the export with Inkscape? There's no file
`./svg-inkscape/Comparing_HVM_PV_PVH_stressdom0_credit2_boxplot_svg-tex.pdf'
although `../Xen/tests/plots/svg/Comparing_HVM_PV_PVH_stressdom0_credit2_boxplot.svg' was found.


! Package svg Error: File `Comparing_HVM_PV_PVH_stressdom0_credit2_boxplot_svg-tex.pdf_tex' is missing.

See the svg package documentation for explanation.
Type  H <return>  for immediate help.
 ...                                              
                                                  
l.3156 ...M_PV_PVH_stressdom0_credit2_boxplot.svg}
                                                  
Did you run the export with Inkscape? There's no file
`./svg-inkscape/Comparing_HVM_PV_PVH_stressdom0_credit2_boxplot_svg-tex.pdf_tex'
although `../Xen/tests/plots/svg/Comparing_HVM_PV_PVH_stressdom0_credit2_boxplot.svg' was found.


Package svg Warning: You didn't enable `shell escape' (or `write18')
(svg)                so it wasn't possible to launch the Inkscape export
(svg)                for `../Xen/tests_pv_pvh/plots/svg/xen_guesttypecompare_null_nonoise.svg' on input line 3190.


! Package svg Error: File `xen_guesttypecompare_null_nonoise_svg-tex.pdf' is missing.

See the svg package documentation for explanation.
Type  H <return>  for immediate help.
 ...                                              
                                                  
l.3190 ...g/xen_guesttypecompare_null_nonoise.svg}
                                                  
Did you run the export with Inkscape? There's no file
`./svg-inkscape/xen_guesttypecompare_null_nonoise_svg-tex.pdf'
although `../Xen/tests_pv_pvh/plots/svg/xen_guesttypecompare_null_nonoise.svg' was found.


! Package svg Error: File `xen_guesttypecompare_null_nonoise_svg-tex.pdf_tex' is missing.

See the svg package documentation for explanation.
Type  H <return>  for immediate help.
 ...                                              
                                                  
l.3190 ...g/xen_guesttypecompare_null_nonoise.svg}
                                                  
Did you run the export with Inkscape? There's no file
`./svg-inkscape/xen_guesttypecompare_null_nonoise_svg-tex.pdf_tex'
although `../Xen/tests_pv_pvh/plots/svg/xen_guesttypecompare_null_nonoise.svg' was found.

[42]

Package svg Warning: You didn't enable `shell escape' (or `write18')
(svg)                so it wasn't possible to launch the Inkscape export
(svg)                for `../Xen/tests/plots/svg/Comparing_HVM_PV_PVH_null_boxplot.svg' on input line 3302.


! Package svg Error: File `Comparing_HVM_PV_PVH_null_boxplot_svg-tex.pdf' is missing.

See the svg package documentation for explanation.
Type  H <return>  for immediate help.
 ...                                              
                                                  
l.3302 ...g/Comparing_HVM_PV_PVH_null_boxplot.svg}
                                                  
Did you run the export with Inkscape? There's no file
`./svg-inkscape/Comparing_HVM_PV_PVH_null_boxplot_svg-tex.pdf'
although `../Xen/tests/plots/svg/Comparing_HVM_PV_PVH_null_boxplot.svg' was found.


! Package svg Error: File `Comparing_HVM_PV_PVH_null_boxplot_svg-tex.pdf_tex' is missing.

See the svg package documentation for explanation.
Type  H <return>  for immediate help.
 ...                                              
                                                  
l.3302 ...g/Comparing_HVM_PV_PVH_null_boxplot.svg}
                                                  
Did you run the export with Inkscape? There's no file
`./svg-inkscape/Comparing_HVM_PV_PVH_null_boxplot_svg-tex.pdf_tex'
although `../Xen/tests/plots/svg/Comparing_HVM_PV_PVH_null_boxplot.svg' was found.


Package svg Warning: You didn't enable `shell escape' (or `write18')
(svg)                so it wasn't possible to launch the Inkscape export
(svg)                for `../Xen/tests_pv_pvh/plots/svg/xen_guesttypecompare_null_backgroundnoise.svg' on input line 3336.


! Package svg Error: File `xen_guesttypecompare_null_backgroundnoise_svg-tex.pdf' is missing.

See the svg package documentation for explanation.
Type  H <return>  for immediate help.
 ...                                              
                                                  
l.3336 ...esttypecompare_null_backgroundnoise.svg}
                                                  
Did you run the export with Inkscape? There's no file
`./svg-inkscape/xen_guesttypecompare_null_backgroundnoise_svg-tex.pdf'
although `../Xen/tests_pv_pvh/plots/svg/xen_guesttypecompare_null_backgroundnoise.svg' was found.


! Package svg Error: File `xen_guesttypecompare_null_backgroundnoise_svg-tex.pdf_tex' is missing.

See the svg package documentation for explanation.
Type  H <return>  for immediate help.
 ...                                              
                                                  
l.3336 ...esttypecompare_null_backgroundnoise.svg}
                                                  
Did you run the export with Inkscape? There's no file
`./svg-inkscape/xen_guesttypecompare_null_backgroundnoise_svg-tex.pdf_tex'
although `../Xen/tests_pv_pvh/plots/svg/xen_guesttypecompare_null_backgroundnoise.svg' was found.

[43]

Package svg Warning: You didn't enable `shell escape' (or `write18')
(svg)                so it wasn't possible to launch the Inkscape export
(svg)                for `../Xen/tests/plots/svg/Comparing_HVM_PV_PVH_stressdom0_null_boxplot.svg' on input line 3460.


! Package svg Error: File `Comparing_HVM_PV_PVH_stressdom0_null_boxplot_svg-tex.pdf' is missing.

See the svg package documentation for explanation.
Type  H <return>  for immediate help.
 ...                                              
                                                  
l.3460 ..._HVM_PV_PVH_stressdom0_null_boxplot.svg}
                                                  
Did you run the export with Inkscape? There's no file
`./svg-inkscape/Comparing_HVM_PV_PVH_stressdom0_null_boxplot_svg-tex.pdf'
although `../Xen/tests/plots/svg/Comparing_HVM_PV_PVH_stressdom0_null_boxplot.svg' was found.


! Package svg Error: File `Comparing_HVM_PV_PVH_stressdom0_null_boxplot_svg-tex.pdf_tex' is missing.

See the svg package documentation for explanation.
Type  H <return>  for immediate help.
 ...                                              
                                                  
l.3460 ..._HVM_PV_PVH_stressdom0_null_boxplot.svg}
                                                  
Did you run the export with Inkscape? There's no file
`./svg-inkscape/Comparing_HVM_PV_PVH_stressdom0_null_boxplot_svg-tex.pdf_tex'
although `../Xen/tests/plots/svg/Comparing_HVM_PV_PVH_stressdom0_null_boxplot.svg' was found.


Underfull \hbox (badness 2922) in paragraph at lines 3532--3534
 \T1/lmr/m/it/10 (+20) 1) PV LL-LL: [][] \T1/lmr/bx/n/10 (+20) PER-CENT-AGE IN-CRE-MENTS
 []

)

LaTeX Warning: Citation `kuenzer2021' on page 44 undefined on input line 603.

No file main.bbl.
[44] [45] (main.aux)
 ***********
LaTeX2e <2025-11-01>
L3 programming layer <2025-11-06>
 ***********


LaTeX Warning: There were undefined references.


LaTeX Warning: Label(s) may have changed. Rerun to get cross-references right.

 ) 
Here is how much of TeX's memory you used:
 19572 strings out of 467871
 359609 string characters out of 5418375
 835121 words of memory out of 5000000
 47359 multiletter control sequences out of 15000+600000
 838808 words of font info for 316 fonts, out of 8000000 for 9000
 1144 hyphenation exceptions out of 8191
 94i,11n,93p,1244b,804s stack positions out of 10000i,1000n,20000p,200000b,200000s

pdfTeX warning (dest): name{4-isolated-anomalies-not-reproducible-between-kernels} has been referenced but does not exist, replaced by a fixed one


pdfTeX warning (dest): name{4--isolated-anomalies-not-reproducible-between-kernels} has been referenced but does not exist, replaced by a fixed one

<C:/Users/ritam/AppData/Local/Programs/MiKTeX/fonts/type1/public/lm/lmbx10.pfb><C:/Users/ritam/AppData/Local/Programs/MiKTeX/fonts/type1/public/lm/lmbx8.pfb><C:/Users/ritam/AppData/Local/Programs/MiKTeX/fonts/type1/public/lm/lmbx9.pfb><C:/Users/ritam/AppData/Local/Programs/MiKTeX/fonts/type1/public/lm/lmbxi10.pfb><C:/Users/ritam/AppData/Local/Programs/MiKTeX/fonts/type1/public/lm/lmcsc10.pfb><C:/Users/ritam/AppData/Local/Programs/MiKTeX/fonts/type1/public/lm/lmmi10.pfb><C:/Users/ritam/AppData/Local/Programs/MiKTeX/fonts/type1/public/lm/lmmi5.pfb><C:/Users/ritam/AppData/Local/Programs/MiKTeX/fonts/type1/public/lm/lmmi8.pfb><C:/Users/ritam/AppData/Local/Programs/MiKTeX/fonts/type1/public/lm/lmr10.pfb><C:/Users/ritam/AppData/Local/Programs/MiKTeX/fonts/type1/public/lm/lmr12.pfb><C:/Users/ritam/AppData/Local/Programs/MiKTeX/fonts/type1/public/lm/lmr17.pfb><C:/Users/ritam/AppData/Local/Programs/MiKTeX/fonts/type1/public/lm/lmr7.pfb><C:/Users/ritam/AppData/Local/Programs/MiKTeX/fonts/type1/public/lm/lmr8.pfb><C:/Users/ritam/AppData/Local/Programs/MiKTeX/fonts/type1/public/lm/lmri10.pfb><C:/Users/ritam/AppData/Local/Programs/MiKTeX/fonts/type1/public/lm/lmsy10.pfb><C:/Users/ritam/AppData/Local/Programs/MiKTeX/fonts/type1/public/lm/lmsy5.pfb><C:/Users/ritam/AppData/Local/Programs/MiKTeX/fonts/type1/public/lm/lmsy6.pfb><C:/Users/ritam/AppData/Local/Programs/MiKTeX/fonts/type1/public/lm/lmsy7.pfb><C:/Users/ritam/AppData/Local/Programs/MiKTeX/fonts/type1/public/lm/lmtk10.pfb><C:/Users/ritam/AppData/Local/Programs/MiKTeX/fonts/type1/public/lm/lmtt10.pfb><C:/Users/ritam/AppData/Local/Programs/MiKTeX/fonts/type1/public/lm/lmtt9.pfb><C:/Users/ritam/AppData/Local/Programs/MiKTeX/fonts/type1/public/lm/lmtti10.pfb>
Output written on main.pdf (45 pages, 889383 bytes).
PDF statistics:
 1268 PDF objects out of 1440 (max. 8388607)
 431 named destinations out of 1000 (max. 500000)
 46066 words of extra memory for PDF output out of 51595 (max. 10000000)

